medicine_name,salt_composition,dosage,nppa_ceiling_price
Medicines,Medicines,Dosage form and Strength,"Ceiling 
price"
(2),(2),(3),(5)
5-aminosalicylic Acid,5-aminosalicylic Acid,"Suppository 500 mg 
Retention Enema",16.86
5-aminosalicylic Acid,5-aminosalicylic Acid,Tablet 400 mg,7.45
5-Fluorouracil,5-Fluorouracil,Injection 250 mg/5 ml,2.33
6-Mercaptopurine,6-Mercaptopurine,Tablet 50mg,6.44
Abacavir,Abacavir,Tablet 300 mg,47.02
"Abacavir (A) + Lamivudine 
(B)","Abacavir (A) + Lamivudine 
(B)",Tablet 60 mg(A) + 30 mg(B),20.02
"Abacavir (A) + Lamivudine 
(B)","Abacavir (A) + Lamivudine 
(B)","Tablet 600 mg(A)+ 300 
mg(B)",90.86
Acetazolamide,Acetazolamide,Capsule 250 mg,4.51
Acetazolamide,Acetazolamide,Tablet 250 mg,3.65
Acetylsalicylic acid,Acetylsalicylic acid,"Effervescent/ Dispersible/ 
Enteric coated Tablet 100 mg",0.18
Acetylsalicylic acid,Acetylsalicylic acid,"Effervescent/ Dispersible/ 
Enteric coated Tablet 150 mg",1.20
Acetylsalicylic acid,Acetylsalicylic acid,"Effervescent/ Dispersible/ 
Enteric coated Tablet 75 mg",1.22
Acetylsalicylic acid,Acetylsalicylic acid,Tablet 100 mg,0.17
Acetylsalicylic acid,Acetylsalicylic acid,Tablet 150 mg,0.41
Acetylsalicylic acid,Acetylsalicylic acid,Tablet 325mg,0.55
Acetylsalicylic acid,Acetylsalicylic acid,Tablet 350mg,0.31
Acetylsalicylic acid,Acetylsalicylic acid,Tablet 75 mg,0.31
Actinomycin D,Actinomycin D,Powder for Injection 0.5mg,316.20
Acyclovir,Acyclovir,Ointment 3%,10.38
Acyclovir,Acyclovir,Oral Liquid 400 mg/5ml,1.26
Acyclovir,Acyclovir,Tablet 200 mg,6.75
Acyclovir,Acyclovir,Tablet 400 mg,12.27
Acyclovir,Acyclovir,Powder for Injection 250 mg,354.27
Acyclovir,Acyclovir,Powder for Injection 500 mg,457.58
Adenosine,Adenosine,Injection 3mg/ml,98.17
Adrenaline,Adrenaline,Injection 1 mg/ml,15.61
Albendazole,Albendazole,Oral Liquid 200 mg/5ml,1.59
Albendazole,Albendazole,Tablet 400 mg,7.68
Allopurinol,Allopurinol,Tablet 100 mg,1.90
Allopurinol,Allopurinol,Tablet 300 mg,7.46
All-trans Retinoic Acid,All-trans Retinoic Acid,Capsule 10 mg,81.56
Alprostadil,Alprostadil,Injection 0.5 mg/ml,5646.64
Alteplase,Alteplase,Powder for Injection 20 mg,18938.45
Alteplase,Alteplase,Powder for Injection 50 mg,39541.63
Amiodarone,Amiodarone,Injection 50 mg/ml,22.24
Amiodarone,Amiodarone,Tablet 100 mg,5.70
Amiodarone,Amiodarone,Tablet 200 mg,11.29
Amitriptyline,Amitriptyline,Tablet 10 mg,2.28
Amitriptyline,Amitriptyline,Tablet 25 mg,2.25
Amitriptyline,Amitriptyline,Tablet 50 mg,5.79
Amitriptyline,Amitriptyline,Tablet 75 mg,5.59
Amlodipine,Amlodipine,Tablet 10 mg,5.05
Amlodipine,Amlodipine,Tablet 2.5 mg,1.65
Amlodipine,Amlodipine,Tablet 5mg,2.60
Amoxicillin,Amoxicillin,Capsule 250 mg,2.20
Amoxicillin,Amoxicillin,Oral Liquid 250 mg/5ml,1.34
Amoxicillin,Amoxicillin,Capsule 500mg,6.44
"Amoxicillin (A) + Clavulanic 
acid (B)","Amoxicillin (A) + Clavulanic 
acid (B)","Dry Syrup 125 mg(A) + 31.25 
(B)/5 ml",2.16
"Amoxicillin (A) + Clavulanic 
acid (B)","Amoxicillin (A) + Clavulanic 
acid (B)","Oral Liquid 200 mg(A) + 28.5 
mg(B)/5ml",1.8
"Amoxicillin (A) + Clavulanic 
acid (B)","Amoxicillin (A) + Clavulanic 
acid (B)","Powder for Injection 500 
mg(A) + 100 mg(B)",89.76
"Amoxicillin (A) +Clavulanic 
acid (B)","Amoxicillin (A) +Clavulanic 
acid (B)",Tablet 500mg(A) +125mg(B),17.91
"Amoxicillin (A) +Clavulanic 
acid (B)","Amoxicillin (A) +Clavulanic 
acid (B)","Powder for Injection 1g (A) 
+200mg(B)",125.22
Amphotericin B (Lipid),Amphotericin B (Lipid),Powder for Injection 50 mg,3195.93
Amphotericin B (Liposomal),Amphotericin B (Liposomal),Powder for Injection 50 mg,7444.31
"Amphotericin B – 
Conventional","Amphotericin B – 
Conventional",Powder for Injection 50 mg,308.82
Ampicillin,Ampicillin,Powder for Injection 1 gm,21.28
Ampicillin,Ampicillin,Powder for Injection 500 mg,13.11
Anti-D immunoglobulin,Anti-D immunoglobulin,Injection 300mcg,2128.25
Anti-D Immunoglobulin,Anti-D Immunoglobulin,Injection 150mcg,1658.90
Anti-rabies immunoglobulin,Anti-rabies immunoglobulin,Injection 150 IU/ml,2766.21
Anti-rabies immunoglobulin,Anti-rabies immunoglobulin,Injection 300 IU/ml,97.52
"Anti-tetanus 
immunoglobulin","Anti-tetanus 
immunoglobulin",250IU,1108.05
Arsenic Trioxide,Arsenic Trioxide,Injection 1mg/ml,54.14
"Artemether (A) + 
Lumefantrine (B)","Artemether (A) + 
Lumefantrine (B)","Oral Liquid 80 mg(A) +480 
mg(B) /5ml",4.02
"Artemether (A) + 
Lumefantrine (B)","Artemether (A) + 
Lumefantrine (B)",Tablet 20 mg(A) + 120 mg(B),12.48
"Artemether (A) + 
Lumefantrine (B)","Artemether (A) + 
Lumefantrine (B)",Tablet 40 mg(A) + 240 mg(B),16.09
"Artemether (A) + 
Lumefantrine (B)","Artemether (A) + 
Lumefantrine (B)",Tablet 80 mg(A) + 480 mg(B),23.10
Artesunate,Artesunate,Powder for Injection 120 mg,414.90
Artesunate,Artesunate,Powder for Injection 60 mg,217.93
"Artesunate (A) + 
Sulphadoxine - 
Pyrimethamine (B)","Artesunate (A) + 
Sulphadoxine - 
Pyrimethamine (B)","Tablet 100 mg(A) + 1 Tablet 
(750 mg+ 37.5 mg) (B)",29.41
"Artesunate (A) + 
Sulphadoxine - 
Pyrimethamine (B)","Artesunate (A) + 
Sulphadoxine - 
Pyrimethamine (B)","Tablet 150 mg(A) + 2 Tablet 
(500 mg+ 25 mg) (B)",39.93
"Artesunate (A) + 
Sulphadoxine - 
Pyrimethamine (B)","Artesunate (A) + 
Sulphadoxine - 
Pyrimethamine (B)","Tablet 200 mg(A) + 2 Tablet 
(750 mg+ 37.5 mg) (B)",36.40
"Artesunate (A) + 
Sulphadoxine - 
Pyrimethamine (B)","Artesunate (A) + 
Sulphadoxine - 
Pyrimethamine (B)","Tablet 25 mg(A) + 1 Tablet 
(250 mg+ 12.5 mg) (B)",19.6
"Artesunate (A) + 
Sulphadoxine - 
Pyrimethamine (B)","Artesunate (A) + 
Sulphadoxine - 
Pyrimethamine (B)","1 Tablet 50 mg(A) + 1 Tablet 
(500 mg+ 25 mg) (B)",21.16
Ascorbic Acid (Vitamin C),Ascorbic Acid (Vitamin C),Tablet 100mg,0.19
Ascorbic Acid (Vitamin C),Ascorbic Acid (Vitamin C),Tablet 500 mg,1.37
Iron sucrose,Iron sucrose,Injection 20 mg/ml,53.59
Isoflurane,Isoflurane,Inhalation,10.42
Isoniazid,Isoniazid,Tablet 100mg,0.68
Isoniazid,Isoniazid,Tablet 300mg,1.19
Isosorbide 5 Mononitrate,Isosorbide 5 Mononitrate,Tablet 20 mg,3.27
Isosorbide dinitrate,Isosorbide dinitrate,Tablet 10 mg,0.73
Isosorbide dinitrate,Isosorbide dinitrate,Tablet 5 mg,0.75
Isosorbide-5-mononitrate,Isosorbide-5-mononitrate,SR Capsule 30 mg,3.49
Isosorbide-5-mononitrate,Isosorbide-5-mononitrate,SR Capsule 60 mg,3.47
Isosorbide-5-mononitrate,Isosorbide-5-mononitrate,SR Tablet 30 mg,4.88
Isosorbide-5-mononitrate,Isosorbide-5-mononitrate,SR Tablet 60 mg,6.37
Isosorbide-5-mononitrate,Isosorbide-5-mononitrate,Tablet 10 mg,1.96
Ispaghula,Ispaghula,Granules/ Husk/ Powder,0.77
IUD containing Copper,IUD containing Copper,As licensed,286.65
"Japanese Encephalitis 
Vaccine","Japanese Encephalitis 
Vaccine",4mcg to 6mcg,695.51
"Japanese Encephalitis 
Vaccine","Japanese Encephalitis 
Vaccine",up to 3mcg,529.88
Kanamycin,Kanamycin,Powder for Injection 1 gm,38.99
Kanamycin,Kanamycin,Powder for Injection 500 mg,21.27
Kanamycin,Kanamycin,Powder for Injection 750 mg,36.34
Ketamine,Ketamine,Injection 10 mg/ml,10.56
Ketamine,Ketamine,Injection 50 mg/ml,10.42
Labetalol,Labetalol,Injection 5 mg/ml,50.54
Lactulose,Lactulose,Oral Liquid 10 g/15 ml,1.09
"Lamivudine (A) + Nevirapine 
(B) + Stavudine (C)","Lamivudine (A) + Nevirapine 
(B) + Stavudine (C)","Tablet 150 mg(A) + 200 
mg(B) + 30 mg(C)",15.56
"Lamivudine (A) + Zidovudine 
(B)","Lamivudine (A) + Zidovudine 
(B)","Tablet 150 mg(A) + 300 
mg(B)",20.00
"Lamivudine (A)+ Nevirapine 
(B) + Stavudine (C)","Lamivudine (A)+ Nevirapine 
(B) + Stavudine (C)","Dispersible Tablet 30 mg(A) 
+ 50 mg(B) + 6 mg(C)",4.93
L-Asparaginase,L-Asparaginase,"Powder for Injection 10000 
KU",1600.63
L-Asparaginase,L-Asparaginase,Powder for Injection 5000KU,1033.19
Leflunomide,Leflunomide,Tablet 10 mg,9.98
Leflunomide,Leflunomide,Tablet 20 mg,19.48
Letrozole,Letrozole,Tablet 2.5 mg,40.65
Levetiracetam,Levetiracetam,Injection 100 mg/ml,21.75
Levetiracetam,Levetiracetam,ER Tablet 750 mg,17.34
Levetiracetam,Levetiracetam,Tablet 250 mg,5.83
Levetiracetam,Levetiracetam,Tablet 500 mg,11.79
Levetiracetam,Levetiracetam,Tablet 750 mg,18.13
Levetiracetam,Levetiracetam,Oral Liquid 100 mg/ml,3.64
"Levodopa (A) + Carbidopa 
(B)","Levodopa (A) + Carbidopa 
(B)","CR Tablet 100 mg(A) + 25 
mg(B)",3.32
"Levodopa (A) + Carbidopa 
(B)","Levodopa (A) + Carbidopa 
(B)",Tablet 100 mg(A) + 10 mg(B),1.55
"Levodopa (A) + Carbidopa 
(B)","Levodopa (A) + Carbidopa 
(B)",Tablet 100 mg(A) + 25 mg(B),2.25
"Levodopa (A) + Carbidopa 
(B)","Levodopa (A) + Carbidopa 
(B)",Tablet 250 mg(A) + 25 mg(B),3.73
"Levodopa (A) + Carbidopa 
(B)","Levodopa (A) + Carbidopa 
(B)","CR Tablet 200 mg(A) + 50 
mg(B)",4.10
Levofloxacin,Levofloxacin,Tablet 250 mg,4.40
Levofloxacin,Levofloxacin,Tablet 750 mg,10.90
Levofloxacin,Levofloxacin,Tablet 500mg,8.04
Levonorgestrel,Levonorgestrel,Tablet 0.75 mg,22.95
Levothyroxine,Levothyroxine,Tablet 100 mcg,1.19
Levothyroxine,Levothyroxine,Tablet 112mcg,1.43
Levothyroxine,Levothyroxine,Tablet 12.5 mcg,1.34
Levothyroxine,Levothyroxine,Tablet 125 mcg,1.53
Levothyroxine,Levothyroxine,Tablet 150 mcg,1.54
Levothyroxine,Levothyroxine,Tablet 25 mcg,1.30
Levothyroxine,Levothyroxine,Tablet 50 mcg,0.98
Levothyroxine,Levothyroxine,Tablet 62.5mcg,1.40
Levothyroxine,Levothyroxine,Tablet 75 mcg,1.29
Levothyroxine,Levothyroxine,Tablet 88 mcg,1.53
Lignocaine,Lignocaine,Injection 2%,0.98
Lignocaine,Lignocaine,"Injection 2%(Preservative 
free for IV use)",0.97
Lignocaine,Lignocaine,Injection 1%,7.92
Lignocaine,Lignocaine,Topical Forms 2-5%,1.07
Lignocaine,Lignocaine,"Injection 5% with 7.5% 
Glucose",3.67
"Lignocaine (A) + Adrenaline 
(B)","Lignocaine (A) + Adrenaline 
(B)","Injection 1% (A) + 1:200000 
(5 mcg/ml) (B)",0.45
"Lignocaine (A) + Adrenaline 
(B)","Lignocaine (A) + Adrenaline 
(B)","Injection 2% (A) + 1:200000 
(5mcg/ml) (B)",0.92
Linezolid,Linezolid,Tablet 600 mg,32.94
Lithium,Lithium,Tablet 300 mg,1.46
Loperamide,Loperamide,Capsule 2 mg,3.57
Loperamide,Loperamide,Tablet 2 mg,1.97
Lopinavir (A) + Ritonavir (B),Lopinavir (A) + Ritonavir (B),Tablet 100 mg(A) + 25 mg(B),23.44
Lopinavir (A) + Ritonavir (B),Lopinavir (A) + Ritonavir (B),Tablet 200 mg(A) + 50 mg(B),45.43
Lorazepam,Lorazepam,injection 2 mg/ml,7.75
Lorazepam,Lorazepam,Tablet 1 mg,2.06
Lorazepam,Lorazepam,Tablet 2 mg,2.51
Magnesium Sulphate,Magnesium Sulphate,Injection 500 mg/ml,4.76
Mannitol,Mannitol,Injection 10%,0.16
Mannitol,Mannitol,Injection 20%,0.30
Measles Rubbela  Vaccine,Measles Rubbela  Vaccine,,88.15
Measles vaccine,Measles vaccine,Vaccine,50.84
Mebendazole,Mebendazole,Oral Liquid 100 mg/5ml,0.77
Mebendazole,Mebendazole,Tablet 100 mg,2.92
Medroxyprogesteroneacetate,Medroxyprogesteroneacetate,Tablet 10 mg,5.37
Mefenamic acid,Mefenamic acid,Oral Liquid 100 mg/5ml,0.52
Mefenamic acid,Mefenamic acid,Tablet 250 mg,1.93
Mefenamic acid,Mefenamic acid,Tablet 500 mg,2.45
Mefloquine,Mefloquine,Tablet 250 mg,50.83
Meglumine Diatrizoate,Meglumine Diatrizoate,Injection 60%w/v,8.24
Meglumine Diatrizoate,Meglumine Diatrizoate,Injection 76%w/v,9.52
Melphalan,Melphalan,Tablet 2 mg,97.82
Melphalan,Melphalan,Tablet 5 mg,167.77
Mesna,Mesna,Injection 100 mg/ml,16.72
Metformin,Metformin,"Immediate Release Tablet 
500 mg",1.50
Metformin,Metformin,"Controlled Release Tablet 
1000 mg",3.64
Metformin,Metformin,"Controlled Release Tablet 
500 mg",1.91
Metformin,Metformin,"controlled Released Tablet 
750 mg",2.39
Metformin,Metformin,"Immediate Release Tablet 
1000 mg",3.59
Metformin,Metformin,"Immediate Release Tablet 
750 mg",3.03
Methotrexate,Methotrexate,Injection 25 mg/ml,47.96
Methotrexate,Methotrexate,Injection 50 mg/ml,39.94
Methotrexate,Methotrexate,Tablet 10 mg,12.11
Methotrexate,Methotrexate,Tablet 2.5 mg,4.77
Methotrexate,Methotrexate,Tablet 7.5 mg,11.55
Methotrexate,Methotrexate,Tablet 5 mg,8.35
Methyldopa,Methyldopa,Tablet 250 mg,2.44
Methyldopa,Methyldopa,Tablet 500 mg,4.67
Methylergometrine,Methylergometrine,Injection 0.2 mg/ml,14.23
Methylergometrine,Methylergometrine,Tablet 0.125 mg,7.90
Methylprednisolone,Methylprednisolone,Tablet 16 mg,8.89
Methylprednisolone,Methylprednisolone,Tablet 8 mg,5.08
Methylprednisolone,Methylprednisolone,Injection 40mg/ml,53.81
Metoclopramide,Metoclopramide,"Injection 5 mg/ml (10 ml 
Pack)",1.42
Metoclopramide,Metoclopramide,"Injection 5 mg/ml (2 ml 
Pack)",2.33
Metoclopramide,Metoclopramide,Oral Liquid 5 mg/5ml,0.44
Metoclopramide,Metoclopramide,Tablet 10 mg,1.16
Metoprolol,Metoprolol,Capsule 25 mg,4.22
Metoprolol,Metoprolol,Capsule 50 mg,6.43
Metoprolol,Metoprolol,SR Tablet 25 mg,4.02
Metoprolol,Metoprolol,SR Tablet 50 mg,5.76
Metoprolol,Metoprolol,Tablet 25 mg,3.10
Metoprolol,Metoprolol,Tablet 50 mg,4.70
Metronidazole,Metronidazole,Injection 500mg/100ml,0.20
Metronidazole,Metronidazole,Oral Liquid 200 mg/5ml,0.45
Metronidazole,Metronidazole,Tablet 200 mg,0.69
Metronidazole,Metronidazole,Tablet 400 mg,1.27
Midazolam,Midazolam,Injection 1 mg/ml,5.89
Midazolam,Midazolam,Injection 5 mg/ml,14.47
Midazolam,Midazolam,Tablet 7.5mg,22.38
Mifepristone,Mifepristone,Tablet 200 mg,320.77
Misoprostol,Misoprostol,Tablet 100 mcg,8.68
Misoprostol,Misoprostol,Tablet 200 mcg,16.65
Morphine,Morphine,Injection 10 mg/ml,23.68
Morphine,Morphine,Injection 15 mg/ml,29.55
Morphine,Morphine,SR Tablet 30 mg,5.43
Morphine,Morphine,Tablet 10 mg,5.31
Moxifloxacin,Moxifloxacin,Tablet 400 mg,25.26
Mycophenolate mofetil,Mycophenolate mofetil,Tablet 250 mg,41.40
Mycophenolate mofetil,Mycophenolate mofetil,Tablet 500 mg,81.89
N-acetylcysteine,N-acetylcysteine,Injection 200 mg/ml,22.34
N-acetylcysteine,N-acetylcysteine,Sachet 200mg,8.97
Naloxone,Naloxone,injection 0.4 mg/ml,86.50
Natamycin,Natamycin,Drops 5%,22.74
Neostigmine,Neostigmine,injection 0.5 mg/ml,4.34
Neostigmine,Neostigmine,Tablet 15 mg,4.66
Nevirapine,Nevirapine,Oral Liquid 50 mg/5ml,0.84
Nevirapine,Nevirapine,Tablet 200 mg,14.27
Nifedipine,Nifedipine,Capsule 10 mg,0.86
Nifedipine,Nifedipine,Tablet 10 mg,1.23
Nitrofurantoin,Nitrofurantoin,Oral Liquid 25 mg/5ml,0.82
Nitrofurantoin,Nitrofurantoin,Tablet 100 mg,7.21
Nitrofurantoin,Nitrofurantoin,Capsule 100mg,7.83
Nitrous Oxide,Nitrous Oxide,Inhalation,232.96
Noradrenaline,Noradrenaline,Injection 2 mg/ml,25.69
Norethisterone,Norethisterone,Tablet 5 mg,5.09
Omeprazole,Omeprazole,Capsule 10 mg,2.11
Omeprazole,Omeprazole,Capsule 20 mg,2.49
Omeprazole,Omeprazole,Capsule 40 mg,4.92
Omeprazole,Omeprazole,Powder for oral Liquid 20 mg,1.22
Omeprazole,Omeprazole,Tablet 10 mg,4.42
Omeprazole,Omeprazole,Tablet 20 mg,4.91
Omeprazole,Omeprazole,Tablet 40 mg,8.31
Ondansetron,Ondansetron,Injection 2 mg/ml,5.83
Ondansetron,Ondansetron,Oral Liquid 2 mg/5ml,1.13
Ondansetron,Ondansetron,Tablet 4 mg,4.69
Ondansetron,Ondansetron,Tablet 8 mg,9.73
Oral Rehydration Salts,Oral Rehydration Salts,As Licensed,0.89
Oxaliplatin,Oxaliplatin,Injection 100mg(as licensed),4455.90
Oxaliplatin,Oxaliplatin,Injection 50mg(as licensed),2591.45
Oxytocin,Oxytocin,Injection 10 IU/ml,39.28
Oxytocin,Oxytocin,Injection 5IU/ml,17.60
Paclitaxel,Paclitaxel,Injection 100 mg/16.7 ml,222.53
Paclitaxel,Paclitaxel,Injection 30 mg/ 5ml,222.53
Pantoprazole,Pantoprazole,Injection 40 mg,44.39
Para-aminosalicylic acid,Para-aminosalicylic acid,Granules (As licensed),2.83
Paracetamol,Paracetamol,Oral Liquid 100 mg/5ml,0.51
Paracetamol,Paracetamol,Oral Liquid 120 mg/5ml,0.53
Paracetamol,Paracetamol,Oral Liquid 125 mg/5ml,0.34
Paracetamol,Paracetamol,Oral Liquid 150 mg/5ml,0.58
Paracetamol,Paracetamol,Oral Liquid 250 mg/5ml,0.60
Paracetamol,Paracetamol,Oral Liquid 500 mg/5ml,0.64
Paracetamol,Paracetamol,Oral Liquid 650 mg/5ml,0.52
Paracetamol,Paracetamol,Tablet 500 mg,0.91
Paracetamol,Paracetamol,Tablet 650 mg,1.83
Paracetamol,Paracetamol,Injection 150 mg/ml,3.06
Paracetamol,Paracetamol,Suppository 170 mg,7.67
Paracetamol,Paracetamol,Suppository 80 mg,6.49
Paracetamol Oral Liquid,Paracetamol Oral Liquid,100 mg/ml (pediatric),1.61
Pegylated interferon alfa 2a,Pegylated interferon alfa 2a,Injection 180mcg,7889.76
Pegylated interferon alfa 2b,Pegylated interferon alfa 2b,Injection 100mcg,15599.00
Pegylated interferon alfa 2b,Pegylated interferon alfa 2b,Injection 120mcg,14527.08
Pegylated interferon alfa 2b,Pegylated interferon alfa 2b,Injection 80mcg,12470.96
Penicillamine,Penicillamine,Capsule 250 mg,14.82
Permethrin,Permethrin,Cream 1%,1.60
Permethrin,Permethrin,Cream 5%,1.73
Permethrin,Permethrin,Gel 5%,1.46
Permethrin,Permethrin,Lotion 1%,0.91
Permethrin,Permethrin,Lotion 5%,0.97
Pheniramine,Pheniramine,Injection 22.75 mg/ml (2ml),2.28
Pheniramine,Pheniramine,Injection 22.75 mg/ml(10ml),1.70
Phenobarbitone,Phenobarbitone,Injection 200 mg/ml,19.11
Phenobarbitone,Phenobarbitone,Tablet 30 mg,1.22
Phenobarbitone,Phenobarbitone,Tablet 60 mg,1.76
Phenobarbitone,Phenobarbitone,Oral liquid 20 mg/5 ml,0.44
Phenylephrine,Phenylephrine,Drop 10%,8.06
Phenylephrine,Phenylephrine,Drops 5%,3.72
Phenytoin,Phenytoin,Capsule 100 mg,1.52
Phenytoin,Phenytoin,Capsule 300 mg,3.80
Phenytoin,Phenytoin,ERCapsule 300 mg,3.80
Phenytoin,Phenytoin,injection 25 mg/ml,2.51
Phenytoin,Phenytoin,Injection 50 mg/ml,5.36
Phenytoin,Phenytoin,Oral Liquid 125 mg/5ml,0.90
Phenytoin,Phenytoin,Oral Liquid 30 mg/5ml,0.31
Phenytoin,Phenytoin,ER Tablet 300 mg,5.79
Phenytoin,Phenytoin,Tablet 100 mg,1.55
Phenytoin,Phenytoin,Tablet 300 mg,4.73
Phenytoin,Phenytoin,Tablet 50 mg,0.74
"Phytomenadione (Vitamin 
K1)","Phytomenadione (Vitamin 
K1)",Injection 10mg/ml,47.74
"Phytomenadione (Vitamin 
K1)","Phytomenadione (Vitamin 
K1)",Tablet 10mg,14.48
Pilocarpine,Pilocarpine,Drops 2%,10.08
Pilocarpine,Pilocarpine,Drops 4%,11.65
"Piperacillin (A) + 
Tazobactam (B)","Piperacillin (A) + 
Tazobactam (B)","Powder for Injection 1 g (A) 
+ 125 mg(B)",88.14
"Piperacillin (A) + 
Tazobactam (B)","Piperacillin (A) + 
Tazobactam (B)","Powder for Injection 2 g (A) 
+ 250 mg(B)",208.51
"Piperacillin (A) + 
Tazobactam (B)","Piperacillin (A) + 
Tazobactam (B)","Powder for Injection 4 g (A) 
+ 500 mg(B)",438.00
Potassium chloride,Potassium chloride,Injection 150 mg/ml,2.42
Potassium chloride,Potassium chloride,Oral Liquid 500 mg/5ml,0.29
Potassium permanganate,Potassium permanganate,Crystals for topical solution,0.44
Povidone iodine,Povidone iodine,Ointment 10%,5.19
Povidone iodine,Povidone iodine,Solution 4%,1.73
Povidone iodine,Povidone iodine,Solution 7.5%,0.77
Povidone Iodine,Povidone Iodine,Solution 10%,0.93
Povidone Iodine,Povidone Iodine,Solution 5%,0.39
"Pralidoxime chloride (2-
PAM)","Pralidoxime chloride (2-
PAM)",Injection 25 mg/ml,3.72
Prednisolone,Prednisolone,Drops 1%,5.01
Prednisolone,Prednisolone,Injection 20 mg/2ml,3.57
Prednisolone,Prednisolone,Oral Liquid 15 mg/ 5ml,0.75
Prednisolone,Prednisolone,Oral Liquid 5 mg/ 5ml,0.43
Prednisolone,Prednisolone,Tablet 10 mg,0.97
Prednisolone,Prednisolone,Tablet 20 mg,1.95
Prednisolone,Prednisolone,Tablet 40 mg,2.80
Prednisolone,Prednisolone,Tablet 5 mg,0.56
"Premix Insulin 30:70 
Injection (Regular:NPH)","Premix Insulin 30:70 
Injection (Regular:NPH)",Injection 40 IU /ml,15.01
"Prilocaine (A) + Lignocaine 
(B)","Prilocaine (A) + Lignocaine 
(B)",Cream 2.5% (A) + 2.5% (B ),20.39
Primaquine,Primaquine,Tablet 15 mg,4.56
Primaquine,Primaquine,Tablet 2.5 mg,1.55
Primaquine,Primaquine,Tablet 7.5 mg,2.11
Procarbazine,Procarbazine,Capsule 50 mg,34.47
Procarbazine,Procarbazine,Tablet 50 mg,46.97
Proparacaine,Proparacaine,Drops 0.5%,9.94
Propofol,Propofol,Injection 10 mg/ml,7.20
Propranolol,Propranolol,Capsule 40 mg,3.79
Propranolol,Propranolol,Capsule 80 mg,5.76
Propranolol,Propranolol,Tablet 10 mg,1.16
Propranolol,Propranolol,Tablet 40 mg,2.75
Propranolol,Propranolol,Tablet 80 mg,4.98
Protamine,Protamine,Injection 10 mg/ml,9.22
Pyrazinamide,Pyrazinamide,Oral Liquid 250 mg/5ml,0.61
Pyrazinamide,Pyrazinamide,Tablet 1000 mg,9.40
Pyrazinamide,Pyrazinamide,Tablet 1500 mg,10.41
Pyrazinamide,Pyrazinamide,Tablet 500 mg,4.22
Pyrazinamide,Pyrazinamide,Tablet 750 mg,6.42
Pyridoxine,Pyridoxine,Tablet 100 mg,5.57
Pyridoxine,Pyridoxine,Tablet 10mg,0.11
Quinine,Quinine,Injection 300 mg/ml,10.14
Quinine,Quinine,Tablet 300 mg,5.71
Rabies Vaccine,Rabies Vaccine,,340.72
Raltegravir,Raltegravir,Tablet 400 mg,156.04
Ramipril,Ramipril,Capsule 2.5 mg,4.72
Ramipril,Ramipril,Capsule 5 mg,7.37
Ramipril,Ramipril,Tablet 2.5 mg,4.96
Ramipril,Ramipril,Tablet 5 mg,7.81
Ranitidine,Ranitidine,Oral Liquid 75 mg/5ml,0.72
Ranitidine,Ranitidine,Tablet 150 mg,0.73
Ranitidine,Ranitidine,Injection 25mg/ml,1.61
Ribavirin,Ribavirin,Capsule 200 mg,83.40
Rifabutin,Rifabutin,Capsule 150mg,39.55
Rifabutin,Rifabutin,Tablet 150mg,36.93
Rifampicin,Rifampicin,Capsule 150 mg,2.00
Rifampicin,Rifampicin,Capsule 300 mg,3.79
Rifampicin,Rifampicin,Capsule 450 mg,4.92
Rifampicin,Rifampicin,Capsule 600 mg,11.56
Rifampicin,Rifampicin,Oral Liquid 100 mg/5ml,0.39
Rifampicin,Rifampicin,Tablet 150 mg,1.61
Rifampicin,Rifampicin,Tablet 300 mg,2.92
Ringer Lactate,Ringer Lactate,Injection 1000ml,79.53
Ringer Lactate,Ringer Lactate,Injection 100ml,20.83
Ringer Lactate,Ringer Lactate,Injection 250ml,35.51
Ringer Lactate,Ringer Lactate,Injection 500ml,45.25
Risperidone,Risperidone,Oral Liquid 1 mg/ml,1.93
Risperidone,Risperidone,Tablet 1 mg,3.07
Risperidone,Risperidone,Tablet 2 mg,4.91
Risperidone,Risperidone,Tablet 4 mg,9.97
Ritonavir,Ritonavir,Capsule 100 mg,28.14
Ritonavir,Ritonavir,Tablet 100 mg,28.94
Rituximab,Rituximab,Injection 10 mg/ml,756.26
Salbutamol,Salbutamol,Capsule 4 mg,0.60
Salbutamol,Salbutamol,"Inhalation (MDI/DPI) 100 
mcg/dose",0.40
Salbutamol,Salbutamol,Oral Liquid 2 mg/5ml,0.15
Salbutamol,Salbutamol,"Respirator solution for use in 
Nebulizer 5 mg/ml",0.70
Salbutamol,Salbutamol,Tablet 2 mg,0.16
Salbutamol,Salbutamol,Tablet 4 mg,0.18
Salicylic acid,Salicylic acid,Ointment 6%,1.79
Sevoflurane,Sevoflurane,Inhalation,29.82
Silver Sulphadiazine,Silver Sulphadiazine,Cream 1%,0.51
"Snake venom antiserum- 
Lyophilized polyvalent","Snake venom antiserum- 
Lyophilized polyvalent",Powder for Injection,555.59
"Snake Venom Antiserum-
Soluble/ Liquid Polyvalent","Snake Venom Antiserum-
Soluble/ Liquid Polyvalent",Injection,431.45
Sodium Bicarbonate,Sodium Bicarbonate,Injection 7.5%,1.40
Sodium Bicarbonate,Sodium Bicarbonate,Injection 8.4%,1.28
Sodium Chloride,Sodium Chloride,Injection 0.9%,59.17
Sodium Nitroprusside,Sodium Nitroprusside,Injection 10 mg/ml,25.74
Sodium Valproate,Sodium Valproate,Injection 100 mg/ml,5.75
Sodium Valproate,Sodium Valproate,Oral Liquid 200 mg/5ml,0.58
Sodium Valproate,Sodium Valproate,CR Tablets 300mg,6.28
Sodium Valproate,Sodium Valproate,CR Tablets 500mg,9.72
Sodium Valproate,Sodium Valproate,Tablet 200 mg,3.09
Sodium Valproate,Sodium Valproate,Tablet 300 mg,3.96
Sodium Valproate,Sodium Valproate,Tablet 500 mg,6.92
Sofosbuvir,Sofosbuvir,Tablet 400 mg,665.52
Somatostatin,Somatostatin,Powder for Injection 3 mg,1580.17
Spironolactone,Spironolactone,Tablet 25 mg,1.91
Spironolactone,Spironolactone,Tablet 50 mg,3.79
"Stavudine (A) + Lamivudine 
(B)","Stavudine (A) + Lamivudine 
(B)",Tablet 30 mg(A) +150 mg(B),9.52
Streptokinase,Streptokinase,"Injection 15,00,000 IU",1784.78
Streptokinase,Streptokinase,"Injection 7,50,000 IU",1255.28
Streptomycin,Streptomycin,Powder for Injection 750 mg,8.75
Streptomycin,Streptomycin,Powder for Injection 1 gm,10.40
Succinyl Choline,Succinyl Choline,Injection 50 mg/ml,4.82
Sucralfate,Sucralfate,Oral Liquid 1 g,0.70
Sulfasalazine,Sulfasalazine,Tablet 500 mg,3.97
Sumatriptan,Sumatriptan,Tablet 25mg,33.19
Sumatriptan,Sumatriptan,Tablet 50mg,51.38
Surfactant,Surfactant,"Suspension for intratracheal 
instillation (As liensed)",66.69
Tacrolimus,Tacrolimus,Capsule 0.5 mg,22.05
Tacrolimus,Tacrolimus,Capsule 1 mg,38.95
Tacrolimus,Tacrolimus,Capsule 2 mg,76.30
Tamoxifen,Tamoxifen,Tablet 10 mg,2.57
Tamoxifen,Tamoxifen,Tablet 20 mg,2.90
Telmisartan,Telmisartan,Tablet 20 mg,3.64
Telmisartan,Telmisartan,Tablet 40 mg,6.57
Telmisartan,Telmisartan,Tablet 80 mg,10.02
Temozolomide,Temozolomide,Capsule 100 mg,2077.53
Temozolomide,Temozolomide,Capsule 20 mg,594.68
Temozolomide,Temozolomide,Capsule 250 mg,4672.75
Temozolomide,Temozolomide,Tablet 100 mg,1542.12
Temozolomide,Temozolomide,Tablet 20 mg,373.62
Temozolomide,Temozolomide,Tablet 250 mg,3816.90
Tenofovir,Tenofovir,Tablet 300 mg,47.05
"Tenofovir (A) + Lamivudine 
(B)","Tenofovir (A) + Lamivudine 
(B)","Tablet 300 mg(A) + 300 
mg(B)",44.76
"Tenofovir (A) + Lamivudine 
(B) + Efavirenz (C)","Tenofovir (A) + Lamivudine 
(B) + Efavirenz (C)","Tablet 300 mg(A) + 300 
mg(B) + 600 mg(C)",102.77
Tetanus Toxoid,Tetanus Toxoid,Injection,10.81
Thalidomide,Thalidomide,Capsule 100 mg,60.92
Thalidomide,Thalidomide,Capsule 50 mg,35.19
Thiamine,Thiamine,Injection 100 mg/ml,24.73
Thiamine,Thiamine,Tablet 100 mg,3.74
Thiopentone,Thiopentone,Powder for Injection 0.5 gm,40.61
Thiopentone,Thiopentone,Powder for Injection 1 gm,49.28
Timolol,Timolol,Drops 0.25%,5.15
Timolol,Timolol,Drops 0.5%,11.89
Tiotropium,Tiotropium,Inhalation (MDI) 9 mcg/dose,2.40
Tiotropium,Tiotropium,"Inhalation (DPI) 18 
mcg/dose",9.26
Tramadol,Tramadol,Capsule 50 mg,4.50
Tramadol,Tramadol,"Injection 50 mg/ml (20 ml 
Pack)",1.24
Tramadol,Tramadol,"Injection 50 mg/ml (upto 2 
ml Pack)",10.44
Tramadol,Tramadol,Tablet 100 mg,19.61
Tramadol,Tramadol,Tablet 50 mg,8.04
Tramadol,Tramadol,Capsule 100 mg,9.57
Tranexamic acid,Tranexamic acid,Injection 100 mg/ml,14.90
Tranexamic acid,Tranexamic acid,Tablet 500 mg,17.32
Trastuzumab,Trastuzumab,Injection 440 mg/50 ml,59976.96
Trihexyphenidyl,Trihexyphenidyl,Tablet 2 mg,1.21
Tropicamide,Tropicamide,Eye Drop 1%,10.03
Vancomycin,Vancomycin,Powder for Injection 1 gm,474.52
Vancomycin,Vancomycin,Powder for Injection 250 mg,221.09
Vancomycin,Vancomycin,Powder for Injection 500 mg,285.41
Vecuronium,Vecuronium,Powder for Injection 10 mg,188.52
Vecuronium,Vecuronium,Powder for Injection 4 mg,90.98
Verapamil,Verapamil,Injection 2.5 mg/ml,1.16
Verapamil,Verapamil,Tablet 40 mg,0.74
Verapamil,Verapamil,Tablet 80 mg,1.39
Vinblastine,Vinblastine,Injection 1mg/ml,20.46
Vincristine,Vincristine,Injection 1 mg/ml,51.96
Vitamin A,Vitamin A,Capsule 50000 IU,0.55
Vitamin A,Vitamin A,Injection 50000 IU/ml,1.91
Vitamin A,Vitamin A,Tablet 50000 IU,0.70
Warfarin,Warfarin,Tablet 1 mg,2.41
Warfarin,Warfarin,Tablet 2 mg,2.66
Warfarin,Warfarin,Tablet 3 mg,3.11
Warfarin,Warfarin,Tablet 5 mg,2.35
Water for Injection,Water for Injection,Injection,2.32
White Petrolatum,White Petrolatum,Jelly 100%,0.09
Xylometazoline,Xylometazoline,Nasal Drops 0.05%,3.92
Xylometazoline,Xylometazoline,Nasal Drops 0.1%,5.19
Zidovudine,Zidovudine,Capsule 300 mg,2.06
Zidovudine,Zidovudine,Tablet 300 mg,14.21
"Zidovudine (A) + Lamivudine 
(B) + Nevirapine (C)","Zidovudine (A) + Lamivudine 
(B) + Nevirapine (C)","Tablet 300 mg(A) + 150 
mg(B) + 200 mg(C)",20.09
Zinc sulphate,Zinc sulphate,Dispersible Tablet 20mg,3.13
Zoledronic Acid,Zoledronic Acid,Powder for Injection 4 mg,4188.87
Zolpidem,Zolpidem,Capsule 5 mg,7.33
Zolpidem,Zolpidem,Tablet 10 mg,8.42
Zolpidem,Zolpidem,Tablet 5 mg,5.37
"Human Normal 
Immunoglobulin","Human Normal 
Immunoglobulin",Solution for infusion 16.5%,379.83
Bare Metal Stents,Bare Metal Stents,,"8,417"
"Drug Eluting Stents (DES) 
including metallic DES and 
Bioresorbable Vascular  
Scaffold (BVS)/ 
Biodegradable Stents","Drug Eluting Stents (DES) 
including metallic DES and 
Bioresorbable Vascular  
Scaffold (BVS)/ 
Biodegradable Stents",,"30,647"
Glucose,Glucose,Injection 5%,76.17
"Glucose (A) + Sodium 
Chloride (B)","Glucose (A) + Sodium 
Chloride (B)",Injection 5% (A) + 0.9% (B),80.04
Ringer lactate,Ringer lactate,Injection100 ml,23.95
Ringer lactate,Ringer lactate,Injection 250 ml,40.84
Ringer lactate,Ringer lactate,Injection 500 ml,52.03
Ringer lactate,Ringer lactate,Injection 1000 ml,91.46
"Atazanavir (A) + Ritonavir 
(B)","Atazanavir (A) + Ritonavir 
(B)","Tablet 300 mg(A) + 100 
mg(B)",98.43
Atenolol,Atenolol,Tablet 100 mg,3.47
Atenolol,Atenolol,Tablet 50 mg,1.78
Atorvastatin,Atorvastatin,Tablet 10 mg,5.47
Atorvastatin,Atorvastatin,Tablet 20 mg,13.25
Atorvastatin,Atorvastatin,Tablet 40 mg,19.24
Atracurium,Atracurium,Injection 10 mg/ml,52.27
Atropine,Atropine,Ointment 1%,3.77
Atropine,Atropine,Injection 0.6 mg/ml,4.18
Atropine,Atropine,Drops 1%,3.42
Azathioprine,Azathioprine,Tablet 50 mg,10.12
Azithromycin,Azithromycin,Capsule 250 mg,10.47
Azithromycin,Azithromycin,Capsule 500 mg,16.53
Azithromycin,Azithromycin,Oral Liquid 200 mg/5ml,3.07
Azithromycin,Azithromycin,Tablet 250mg,10.52
Azithromycin,Azithromycin,Tablet 500mg,21.23
Azithromycin,Azithromycin,Powder for Injection 500mg,191.70
Baclofen,Baclofen,Tablet 10 mg,10.72
Baclofen,Baclofen,Tablet 20 mg,14.75
Baclofen,Baclofen,Tablet 5 mg,5.52
BCG vaccine,BCG vaccine,,8.91
Benzathine benzylpenicillin,Benzathine benzylpenicillin,"Powder for Injection 12 lac 
units",18.18
Benzathine benzylpenicillin,Benzathine benzylpenicillin,"Powder for Injection 6 lac 
units",12.03
Benzoyl Peroxide,Benzoyl Peroxide,Cream 2.5%,2.33
Benzoyl Peroxide,Benzoyl Peroxide,Gel 2.5%,3.74
Benzyl penicillin,Benzyl penicillin,"Powder for Injection 10 Lac 
Units",7.78
Betamethasone,Betamethasone,Cream 0.05%,0.58
Betamethasone,Betamethasone,Cream 0.1%,0.84
Betamethasone,Betamethasone,Gel 0.05%,0.53
Betamethasone,Betamethasone,Lotion 0.1%,0.82
Betamethasone,Betamethasone,Lotion 0.5%,0.53
Betamethasone,Betamethasone,Injection 4 mg/ml,4.19
Bicalutamide,Bicalutamide,Tablet 50 mg,68.41
Bisacodyl,Bisacodyl,Suppository 5 mg,8.41
Bisacodyl,Bisacodyl,Tablet 5 mg,1.00
Bleomycin,Bleomycin,Powder for Injection 15 Units,618.94
Bortezomib,Bortezomib,Powder for Injection 2 mg,12263.10
Budesonide,Budesonide,Nasal Spray 100 mcg/dose,0.91
Budesonide,Budesonide,Nasal Spray 50 mcg/dose,1.01
Budesonide,Budesonide,"Respiratory Solution for use 
in Nebulizer 0.5 mg/ml",10.68
Budesonide,Budesonide,"Respiratory Solution for use 
in Nebulizer 1 mg/ml",12.88
Budesonide,Budesonide,"Inhalation (MDI) 100 
mcg/dose",1.26
Budesonide,Budesonide,"Inhalation (MDI) 200 
mcg/dose",1.57
Budesonide,Budesonide,"Inhalation (DPI) 100 
mcg/dose",1.99
Name of the Drug,Name of the Drug,Unit,
"Liquid Medical Oxygen 
(LMO)","Liquid Medical Oxygen 
(LMO)",Cubic Meter,
"Oxygen Inhalation 
(Medicinal gas) in cylinder","Oxygen Inhalation 
(Medicinal gas) in cylinder",Cubic Meter,
Medicines,Medicines,"Dosage form and 
Strength",Ceiling price
Acetyl Salicylic Acid,Acetyl Salicylic Acid,Tablet 300mg,0.22566
Calcium carbonate,Calcium carbonate,Tablet 250 mg,1.95
Condoms,Condoms,,9.10
Dapsone,Dapsone,Tablet 50 mg,0.2353
Etoposide,Etoposide,Capsules 100 mg,60.37
Framycetin Sulphate,Framycetin Sulphate,Cream 0.50%,0.87
Gentian Violet Paint,Gentian Violet Paint,1%,0.06516
Isoniazid,Isoniazid,Syrup 100 mg/5ml,0.25772
"Medroxy 
Progesterone Acetate","Medroxy 
Progesterone Acetate",Tablet 5mg,2.98
"Oral Poliomyelitis 
vaccine (LA)","Oral Poliomyelitis 
vaccine (LA)",Solution,120.24
Praziquantel,Praziquantel,Tablet 600 mg,28.74
Rifampicin,Rifampicin,Tablet 450mg,4.42
Sodium Nitrite,Sodium Nitrite,Injection 30mg/ml,21.51
Budesonide,Budesonide,"Inhalation (DPI) 200 
mcg/dose",2.88
"Budesonide (A)+ Formoterol 
(B)","Budesonide (A)+ Formoterol 
(B)","Inhalation (MDI) 100 mcg 
(A) + 6 mcg (B)",1.88
"Budesonide (A)+ Formoterol 
(B)","Budesonide (A)+ Formoterol 
(B)","Inhalation (MDI) 200 mcg 
(A) + 6 mcg (B)",2.67
"Budesonide (A)+ Formoterol 
(B)","Budesonide (A)+ Formoterol 
(B)","Inhalation (MDI) 400 mcg 
(A) + 6 mcg (B)",3.04
"Budesonide (A)+ Formoterol 
(B)","Budesonide (A)+ Formoterol 
(B)","Inhalation (DPI) 100 mcg (A) 
+ 6 mcg (B)",3.78
"Budesonide (A)+ Formoterol 
(B)","Budesonide (A)+ Formoterol 
(B)","Inhalation (DPI) 200 mcg (A) 
+ 6 mcg (B)",5.02
"Budesonide (A)+ Formoterol 
(B)","Budesonide (A)+ Formoterol 
(B)","Inhalation (DPI) 400 mcg (A) 
+ 6 mcg (B)",6.42
Bupivacaine,Bupivacaine,Injection 0.25%,2.45
Bupivacaine,Bupivacaine,"Injection 0.5% with 7.5% 
glucose",6.19
Bupivacaine,Bupivacaine,Injection 0.50%,3.91
Caffeine,Caffeine,Injection 20 mg/ml,250.27
Caffeine,Caffeine,Oral Liquid 20 mg/ml,212.56
Calamine,Calamine,Lotion (As per IP),0.85
Calcium Carbonate,Calcium Carbonate,Tablet 500mg,1.72
Calcium folinate,Calcium folinate,Tablet 15 mg,40.67
Calcium gluconate,Calcium gluconate,Injection 100 mg/ml,0.55
Capecitabine,Capecitabine,Tablet 500 mg,126.01
Capreomycin,Capreomycin,Powder for Injection 1 gm,345.37
Carbamazepine,Carbamazepine,Oral Liquid 100 mg/5ml,0.19
Carbamazepine,Carbamazepine,CR Tablet 200 mg,1.55
Carbamazepine,Carbamazepine,CR Tablet 400 mg,3.05
Carbamazepine,Carbamazepine,Tablet 100 mg,0.68
Carbamazepine,Carbamazepine,Tablet 200 mg,1.39
Carbamazepine,Carbamazepine,Tablet 400 mg,3.29
Carbimazole,Carbimazole,Tablet 10 mg,3.69
Carbimazole,Carbimazole,Tablet 5 mg,1.90
Carboplatin,Carboplatin,Injection 10 mg/ml,53.06
Carboxymethylcellulose,Carboxymethylcellulose,Drops 0.5%,12.74
Carboxymethylcellulose,Carboxymethylcellulose,Drops 1%,17.66
Cefadroxil,Cefadroxil,Capsule 500 mg,7.13
Cefadroxil,Cefadroxil,Oral Liquid 125 mg/5ml,0.63
Cefadroxil,Cefadroxil,Tablet 1 gm,6.27
Cefadroxil,Cefadroxil,Tablet 500 mg,4.02
Cefazolin,Cefazolin,Powder for Injection 1 gm,24.48
Cefazolin,Cefazolin,Powder for Injection 500 mg,15.52
Cefixime,Cefixime,Capsule 200 mg,14.39
Cefixime,Cefixime,Capsule 400 mg,29.15
Cefixime,Cefixime,Oral Liquid 100 mg/5ml,2.15
Cefixime,Cefixime,Oral Liquid 50 mg/5ml,1.45
Cefixime,Cefixime,Tablet 400 mg,22.00
Cefixime,Cefixime,Tablet 200mg,9.57
Cefotaxime,Cefotaxime,Powder for Injection 1 gm,34.22
Cefotaxime,Cefotaxime,Powder for Injection 250 mg,15.56
Cefotaxime,Cefotaxime,Powder for Injection 500 mg,20.46
Ceftazidime,Ceftazidime,Powder for Injection 1 gm,208.68
Ceftazidime,Ceftazidime,Powder for Injection 250 mg,64.90
Ceftriaxone,Ceftriaxone,Powder for Injection 1gm,53.75
Ceftriaxone,Ceftriaxone,Powder for Injection 2 gm,127.77
Ceftriaxone,Ceftriaxone,Powder for Injection 250 mg,24.61
Ceftriaxone,Ceftriaxone,Powder for Injection 500 mg,44.95
Cetirizine,Cetirizine,Capsule 10 mg,2.37
Cetirizine,Cetirizine,Oral Liquid 5 mg/5ml,0.59
Cetirizine,Cetirizine,Tablet 10 mg,1.65
Cetrimide,Cetrimide,"Solution 20% (concentrate 
for dilution)",0.32
Chlorambucil,Chlorambucil,Tablet 2 mg,36.80
Chlorambucil,Chlorambucil,Tablet 5 mg,82.70
Chlorhexidine,Chlorhexidine,"Solution 5% (Concentrate for 
dilution)",0.15
Chloroquine,Chloroquine,Oral Liquid 50 mg/5ml,0.30
Chloroquine,Chloroquine,Tablet 150mg,1.18
Chlorpheniramine,Chlorpheniramine,Tablet 4 mg,0.09
Cholecalciferol,Cholecalciferol,Capsule 1000 IU,4.76
Cholecalciferol,Cholecalciferol,Capsule 60000 IU,29.44
Cholecalciferol,Cholecalciferol,Oral Liquid 400 IU/ml,2.34
Cholecalciferol,Cholecalciferol,Tablet 1000 IU,3.74
Cholecalciferol,Cholecalciferol,Tablet 60000 IU,24.18
Ciprofloxacin,Ciprofloxacin,Ointment 0.3%,1.13
Ciprofloxacin,Ciprofloxacin,Drops 0.30%,1.52
Ciprofloxacin,Ciprofloxacin,Injection 200 mg/100ml,0.17
Ciprofloxacin,Ciprofloxacin,Oral Liquid 250 mg/5ml,0.63
Ciprofloxacin,Ciprofloxacin,Tablet 250mg,2.07
Ciprofloxacin,Ciprofloxacin,Tablet 500mg,3.64
Cisplatin,Cisplatin,Injection 1 mg/ml,6.87
Clarithromycin,Clarithromycin,Oral Liquid 125 mg/5ml,4.30
Clarithromycin,Clarithromycin,Tablet 250 mg,27.92
Clarithromycin,Clarithromycin,Tablet 500 mg,49.21
Clindamycin,Clindamycin,Capsule 150 mg,14.43
Clindamycin,Clindamycin,Capsule 300 mg,23.56
Clindamycin,Clindamycin,Tablet 300 mg,15.20
Clobazam,Clobazam,Tablet 10 mg,9.01
Clobazam,Clobazam,Tablet 5 mg,5.12
Clofaziminea,Clofaziminea,Capsule 100 mg,3.70
Clofazimine,Clofazimine,Capsule 50 mg,2.17
Clomiphene,Clomiphene,Capsule 100 mg,55.50
Clomiphene,Clomiphene,Capsule 50 mg,30.53
Clomiphene,Clomiphene,Tablet 100mg,12.18
Clomiphene,Clomiphene,Tablet 50mg,8.30
Clomipramine,Clomipramine,Tablet 10 mg,2.51
Clomipramine,Clomipramine,Tablet 25 mg,5.53
Clomipramine,Clomipramine,Tablet 75 mg,14.30
Clonazepam,Clonazepam,Tablet 0.25 mg,1.82
Clonazepam,Clonazepam,Tablet 0.5 mg,3.10
Clonazepam,Clonazepam,Tablet 1 mg,4.22
Clopidogrel,Clopidogrel,Tablet 75 mg,6.93
Clotrimazole,Clotrimazole,Cream 1%,2.90
Clotrimazole,Clotrimazole,Drops 1%,3.02
Clotrimazole,Clotrimazole,Lotion 1%,3.57
Clotrimazole,Clotrimazole,Pessary 100 mg,8.66
Cloxacillin,Cloxacillin,Capsule 250mg,1.13
Cloxacillin,Cloxacillin,Capsule 500mg,1.90
Cloxacillin,Cloxacillin,Tablet 250mg,1.72
Cloxacillin,Cloxacillin,Powder for Injection250mg,4.43
Clozapine,Clozapine,Tablet 100 mg,7.72
Clozapine,Clozapine,Tablet 25 mg,2.51
Clozapine,Clozapine,Tablet 50 mg,4.79
Coagulation factor IX,Coagulation factor IX,Powder for Injection 600 IU,12284.99
Coagulation factor VIII,Coagulation factor VIII,Powder for Injection 250 IU,3724.11
Coagulation factor VIII,Coagulation factor VIII,Powder for Injection 500 IU,9138.70
Colchicine,Colchicine,Tablet 0.5 mg,3.10
"Co-trimoxazole 
(Sulphamethoxazole 
(A)+Trimethoprim (B)]","Co-trimoxazole 
(Sulphamethoxazole 
(A)+Trimethoprim (B)]","Oral Liquid 200 mg(A)+40 
mg(B)/5ml",0.33
"Co-trimoxazole 
(Sulphamethoxazole 
(A)+Trimethoprim (B)]","Co-trimoxazole 
(Sulphamethoxazole 
(A)+Trimethoprim (B)]",Tablet 400 mg(A)+80 mg(B),0.78
"Co-trimoxazole 
(Sulphamethoxazole 
(A)+Trimethoprim (B)]","Co-trimoxazole 
(Sulphamethoxazole 
(A)+Trimethoprim (B)]","Tablet 800 mg(A)+160 
mg(B)",2.02
Cyclophosphamide,Cyclophosphamide,Tablet 50 mg,4.04
Cyclophosphamide,Cyclophosphamide,Powder for Injection 500 mg,79.58
Cycloserine,Cycloserine,Capsule 250 mg,54.13
Cycloserine,Cycloserine,Tablet 250 mg,46.54
Cyclosporine,Cyclosporine,Capsule 100 mg,102.20
Cyclosporine,Cyclosporine,Capsule 25 mg,27.43
Cyclosporine,Cyclosporine,Capsule 50 mg,52.49
Cyclosporine,Cyclosporine,Injection 50 mg/ml,268.93
Cyclosporine,Cyclosporine,Oral Liquid 100 mg/ml,94.24
Cytosine arabinoside,Cytosine arabinoside,Injection 100 mg/ml,198.09
Cytosine arabinoside,Cytosine arabinoside,"Powder for Injection 1000 
mg",1068.41
Cytosine arabinoside,Cytosine arabinoside,Powder for Injection 500 mg,510.65
Dacarbazine,Dacarbazine,Powder for Injection 200 mg,438.03
Dacarbazine,Dacarbazine,Powder for Injection 500 mg,988.15
Dapsone,Dapsone,Tablet 100 mg,0.36
Darunavir,Darunavir,Tablet 600 mg,166.43
Daunorubicin,Daunorubicin,"Powder for I.V. Injection 20 
mg  (5 mg/ml)",242.47
Desferrioxamine,Desferrioxamine,Powder for Injection 500mg,160.34
Dexamethasone,Dexamethasone,Tablet 0.5 mg,0.19
Dexamethasone,Dexamethasone,Injection 4 mg/ml,13.73
Dextran-40,Dextran-40,Injection 10%,0.85
Diazepam,Diazepam,Injection 5 mg/ml,6.04
Diazepam,Diazepam,Oral Liquid 2 mg/5ml,2.73
Diazepam,Diazepam,Suppository 5 mg,5.96
Diazepam,Diazepam,Tablet 2 mg,1.50
Diazepam,Diazepam,Tablet 5 mg,1.42
Diclofenac,Diclofenac,Capsule 50 mg,0.61
Diclofenac,Diclofenac,Injection 25 mg/ml,1.46
Diclofenac,Diclofenac,Tablet 50 mg,1.91
Dicyclomine,Dicyclomine,"Injection 10 mg/ml (10ml & 
30ml Pack)",2.05
Dicyclomine,Dicyclomine,"Injection 10 mg/ml (1ml & 
2ml Pack)",3.18
Dicyclomine,Dicyclomine,Oral Solution 10mg/5ml,0.16
Dicyclomine,Dicyclomine,Tablet 10mg,0.11
Diethylcarbamazine,Diethylcarbamazine,Oral Liquid 120 mg/5ml,0.49
Diethylcarbamazine,Diethylcarbamazine,Tablet 100 mg,1.41
Diethylcarbamazine,Diethylcarbamazine,Tablet 50 mg,0.56
Digoxin,Digoxin,Injection 0.25 mg/ml,3.32
Digoxin,Digoxin,Oral liquid 0.05 mg/ml,1.26
Digoxin,Digoxin,Tablet 0.25 mg,1.19
Diloxanide furoate,Diloxanide furoate,Tablet 500mg,1.05
Diltiazem,Diltiazem,Capsule 90 mg,9.58
Diltiazem,Diltiazem,Injection 5 mg/ml,3.15
Diltiazem,Diltiazem,SR Tablet 90 mg,9.30
Diltiazem,Diltiazem,Tablet 30 mg,2.39
Diltiazem,Diltiazem,Tablet 60 mg,4.87
Dimercaprol,Dimercaprol,Injection 50 mg/ml,199.55
Dinoprostone,Dinoprostone,Gel 0.5 mg,80.83
Dinoprostone,Dinoprostone,Tablet 0.5mg,49.90
Diphtheria antitoxin,Diphtheria antitoxin,10000 IU,1306.76
Dobutamine,Dobutamine,Injection 50 mg/ml,37.39
Docetaxel,Docetaxel,Powder for Injection 20 mg,2984.59
Docetaxel,Docetaxel,Powder for Injection 80 mg,11347.62
Domperidone,Domperidone,Oral Liquid 1 mg/ml,1.07
Domperidone,Domperidone,Tablet 10 mg,2.41
Donepezil,Donepezil,Tablet 10 mg,16.00
Donepezil,Donepezil,Tablet 5 mg,11.21
Dopamine,Dopamine,Injection 40 mg/ml,5.63
Doxorubicin,Doxorubicin,Injection 2 mg/ml,35.80
Doxycycline,Doxycycline,Capsule 100 mg,2.50
Doxycycline,Doxycycline,Tablet 100 mg,0.97
DPT + Hib + Hep B vaccine,DPT + Hib + Hep B vaccine,,80.08
DPT vaccine,DPT vaccine,,14.12
Efavirenz,Efavirenz,Capsule 200 mg,24.00
Efavirenz,Efavirenz,Capsule 600 mg,62.54
Efavirenz,Efavirenz,Tablet 200 mg,22.61
Efavirenz,Efavirenz,Tablet 600 mg,70.81
Enalapril,Enalapril,Tablet 2.5 mg,1.93
Enalapril,Enalapril,Tablet 5 mg,3.20
Enoxaparin,Enoxaparin,Injection 40 mg/0.4ml,101.35
Enoxaparin,Enoxaparin,Injection 60 mg/0.6ml,101.35
Entecavir,Entecavir,Tablet 0.5 mg,79.55
Entecavir,Entecavir,Tablet 1 mg,126.40
Erythropoietin,Erythropoietin,Injection 10000 IU/ml,2593.87
Erythropoietin,Erythropoietin,Injection 2000 IU/ml,614.36
Escitalopram,Escitalopram,Tablet 10 mg,8.08
Escitalopram,Escitalopram,Tablet 20 mg,12.76
Escitalopram,Escitalopram,Tablet 5 mg,4.55
Esmolol,Esmolol,Injection 10mg/ml,21.60
Ethambutol,Ethambutol,Tablet 200 mg,1.05
Ethambutol,Ethambutol,Tablet 400 mg,2.39
Ethambutol,Ethambutol,Tablet 600 mg,3.53
Ethambutol,Ethambutol,Tablet 800 mg,4.22
Ethinylestradiol,Ethinylestradiol,Tablet 0.01 mg,2.34
Ethinylestradiol,Ethinylestradiol,Tablet 0.05 mg,3.74
"Ethinylestradiol (A) + 
Levonorgestrel (B)","Ethinylestradiol (A) + 
Levonorgestrel (B)","Tablet 0.03 mg(A) + 0.15 
mg(B)",3.44
Ethionamide,Ethionamide,Tablet 250 mg,15.74
Ethyl Alcohol (Denatured),Ethyl Alcohol (Denatured),Solution 70%,0.42
Etoposide,Etoposide,Capsule 50 mg,54.21
Etoposide,Etoposide,Injection 20 mg/ml,35.75
Fentanyl,Fentanyl,Injection 50mcg/ml,22.64
"Ferrous Salt (A) + Folic Acid 
(B)","Ferrous Salt (A) + Folic Acid 
(B)","Tablet 100mg elemental iron 
(A) + 500mcg (B)",0.23
Filgrastim,Filgrastim,Injection 300 mcg,1368.29
Fluconazole,Fluconazole,Capsule 100 mg,25.19
Fluconazole,Fluconazole,Capsule 150 mg,18.49
Fluconazole,Fluconazole,Capsule 200 mg,36.40
Fluconazole,Fluconazole,Oral Liquid 50mg/5ml,2.61
Fluconazole,Fluconazole,Tablet 100 mg,7.96
Fluconazole,Fluconazole,Tablet 150 mg,11.81
Fluconazole,Fluconazole,Tablet 200 mg,18.73
Fluconazole,Fluconazole,Tablet 400 mg,31.15
Fluconazole,Fluconazole,Injection 200 mg/100 ml,106.11
Flunarizine,Flunarizine,Tablet 10 mg,4.72
Flunarizine,Flunarizine,Tablet 5 mg,2.75
Fluoxetine,Fluoxetine,Capsule 10 mg,2.96
Fluoxetine,Fluoxetine,Capsule 20 mg,3.64
Fluoxetine,Fluoxetine,Capsule 40 mg,5.52
Fluoxetine,Fluoxetine,Capsule 60 mg,9.76
Fluoxetine,Fluoxetine,Tablet 10 mg,2.49
Fluoxetine,Fluoxetine,Tablet 20 mg,3.95
Fluoxetine,Fluoxetine,Tablet 40 mg,5.32
Fluoxetine,Fluoxetine,Tablet 60 mg,7.38
Fluphenazine,Fluphenazine,Depot Injection 25 mg/ml,49.88
Folic Acid,Folic Acid,Capsule 5 mg,5.62
Folic Acid,Folic Acid,Tablet 5 mg,1.39
Furosemide,Furosemide,Oral liquid 10 mg/ml,2.76
Furosemide,Furosemide,Tablet 40 mg,0.75
Furosemide,Furosemide,Injection 10mg/ml,2.48
Fusidic acid,Fusidic acid,Cream 2%,9.10
Gadobenate,Gadobenate,Injection 529 mg/ml,108.67
Ganciclovir,Ganciclovir,Capsule 250 mg,119.87
Ganciclovir,Ganciclovir,Powder for Injection 500 mg,1682.65
Gefitinib,Gefitinib,Tablet 250 mg,427.35
Gemcitabine,Gemcitabine,Powder for Injection 1 gm,5289.73
Gemcitabine,Gemcitabine,Powder for Injection 200mg,1168.23
Gentamicin,Gentamicin,Drops 0.3%,0.91
Gentamicin,Gentamicin,Injection 10 mg/ml,3.17
Gentamicin,Gentamicin,Injection 40 mg/ml,17.91
Glimepiride,Glimepiride,Tablet 1 mg,3.58
Glimepiride,Glimepiride,Tablet 2 mg,5.69
Glucose,Glucose,Injection 25%,0.17
Glucose,Glucose,Injection 50%,0.49
Glucose,Glucose,Injection 10%,25.75
Glutaraldehyde,Glutaraldehyde,Solution 2%,0.06
Glycerin,Glycerin,Oral Liquid,0.15
Glyceryl Trinitrate,Glyceryl Trinitrate,Injection 5 mg/ml,6.54
Glyceryl Trinitrate,Glyceryl Trinitrate,Sublingual Tablet 0.5 mg,1.80
Glycopyrrolate,Glycopyrrolate,Injection 0.2 mg/ml,12.25
Griseofulvin,Griseofulvin,Tablet 125mg,0.82
Griseofulvin,Griseofulvin,Tablet 250 mg,1.59
Griseofulvin,Griseofulvin,Tablet 375 mg,4.29
Haemodialysis fluid,Haemodialysis fluid,As license,0.04
Haloperidol,Haloperidol,Injection 5 mg/ml,5.81
Haloperidol,Haloperidol,Oral Liquid 2 mg/ 5ml,2.05
Haloperidol,Haloperidol,Tablet 1.5 mg,1.65
Haloperidol,Haloperidol,Tablet 10 mg,4.4
Haloperidol,Haloperidol,Tablet 20 mg,4.91
Haloperidol,Haloperidol,Tablet 5 mg,3.43
Halothane,Halothane,Inhalation,5.84
Heparin,Heparin,Injection 1000 IU/ml,24.39*
Heparin,Heparin,Injection 5000 IU/ml,60.54*
Hepatitis B immunoglobulin,Hepatitis B immunoglobulin,,5492.20
Hepatitis B vaccine,Hepatitis B vaccine,,78.08
Homatropine,Homatropine,Drops 2%,6.19
Hormone releasing IUD,Hormone releasing IUD,"Contains 52 mgof 
Levonorgestrel",3856.86
"Human chorionic 
Gonadotropin","Human chorionic 
Gonadotropin",Injection 1000 IU,211.90
"Human chorionic 
Gonadotropin","Human chorionic 
Gonadotropin",Injection 5000 IU,416.14
"Human Normal 
Immunoglobulin","Human Normal 
Immunoglobulin",Solution for infusion 5%,153.82
"Human Normal 
Immunoglobulin","Human Normal 
Immunoglobulin",Solution for infusion 10%,208.26
Hydrochlorothiazide,Hydrochlorothiazide,Tablet 12.5 mg,0.98
Hydrochlorothiazide,Hydrochlorothiazide,Tablet 25 mg,1.68
Hydrochlorothiazide,Hydrochlorothiazide,Tablet 50 mg,0.08
Hydrocortisone,Hydrocortisone,Tablet 10 mg,5.87
Hydrocortisone,Hydrocortisone,Tablet 5 mg,3.02
Hydrocortisone,Hydrocortisone,Injection 100 mg,38.80
Hydrocortisone,Hydrocortisone,Injection 200 mg,59.82
Hydrocortisone,Hydrocortisone,Powder for Injection 100 mg,38.80
Hydrogen peroxide,Hydrogen peroxide,Solution 6%,0.04
Hydroxychloroquine,Hydroxychloroquine,Tablet 200 mg,5.91
Hydroxychloroquine,Hydroxychloroquine,Tablet 400 mg,11.91
"Hydroxypropyl 
methylcellulose","Hydroxypropyl 
methylcellulose",Injection 2%,37.39
Hydroxyurea,Hydroxyurea,Capsule 500 mg,12.78
Hyoscine butylbromide,Hyoscine butylbromide,Injection 20 mg/ml,10.40
Hyoscine Butylbromide,Hyoscine Butylbromide,Tablet 10 mg,2.96
Ibuprofen,Ibuprofen,Capsule 400 mg,1.05
Ibuprofen,Ibuprofen,Capsule 200 mg,2.67
Ibuprofen,Ibuprofen,Tablet 200 mg,0.39
Ibuprofen,Ibuprofen,Tablet 400 mg,0.69
Ibuprofen,Ibuprofen,Oral Liquid 100mg/5ml,0.19
Ifosfamide,Ifosfamide,Powder for Injection 1g,360.78
Ifosfamide,Ifosfamide,Powder for Injection 2g,947.01
Imatinib,Imatinib,Capsule 100 mg,77.40
Imatinib,Imatinib,Capsule 400 mg,254.67
Imatinib,Imatinib,Tablet 100 mg,79.19
Imatinib,Imatinib,Tablet 400 mg,229.24
Insulin (Soluble),Insulin (Soluble),Injection 40 IU/ml,15.01
"Intermediate Acting (NPH) 
Insulin","Intermediate Acting (NPH) 
Insulin",Injection 40 IU/ml,15.01
Iohexol,Iohexol,Injection 300mgiodine/ml,16.58
Ipratropium,Ipratropium,"Inhalation (MDI/DPI) 20 
mcg/dose",0.61
Ipratropium,Ipratropium,"Respirator solution for use in 
Nebulizer 250 mcg/ml",2.53
