0,1,2,3,4,source_file
Sl No,Medicines,Dosage form and Strength,Unit,"Ceiling 
price",NPPA1_table_0.csv
(1),(2),(3),(4),(5),NPPA1_table_0.csv
1.,5-aminosalicylic Acid,"Suppository 500 mg 
Retention Enema",1 Suppository,16.86,NPPA1_table_0.csv
2.,5-aminosalicylic Acid,Tablet 400 mg,1 Tablet,7.45,NPPA1_table_0.csv
3.,5-Fluorouracil,Injection 250 mg/5 ml,1 ml,2.33,NPPA1_table_0.csv
4.,6-Mercaptopurine,Tablet 50mg,1 Tablet,6.44,NPPA1_table_0.csv
5.,Abacavir,Tablet 300 mg,1 Tablet,47.02,NPPA1_table_0.csv
6.,"Abacavir (A) + Lamivudine 
(B)",Tablet 60 mg(A) + 30 mg(B),1 Tablet,20.02,NPPA1_table_0.csv
7.,"Abacavir (A) + Lamivudine 
(B)","Tablet 600 mg(A)+ 300 
mg(B)",1 Tablet,90.86,NPPA1_table_0.csv
8.,Acetazolamide,Capsule 250 mg,1 Capsule,4.51,NPPA1_table_0.csv
9.,Acetazolamide,Tablet 250 mg,1 Tablet,3.65,NPPA1_table_0.csv
10.,Acetylsalicylic acid,"Effervescent/ Dispersible/ 
Enteric coated Tablet 100 mg",1 Tablet,0.18,NPPA1_table_0.csv
11.,Acetylsalicylic acid,"Effervescent/ Dispersible/ 
Enteric coated Tablet 150 mg",1 Tablet,1.20,NPPA1_table_0.csv
12.,Acetylsalicylic acid,"Effervescent/ Dispersible/ 
Enteric coated Tablet 75 mg",1 Tablet,1.22,NPPA1_table_0.csv
13.,Acetylsalicylic acid,Tablet 100 mg,1 Tablet,0.17,NPPA1_table_0.csv
14.,Acetylsalicylic acid,Tablet 150 mg,1 Tablet,0.41,NPPA1_table_0.csv
15.,Acetylsalicylic acid,Tablet 325mg,1 Tablet,0.55,NPPA1_table_0.csv
16.,Acetylsalicylic acid,Tablet 350mg,1 Tablet,0.31,NPPA1_table_0.csv
17.,Acetylsalicylic acid,Tablet 75 mg,1 Tablet,0.31,NPPA1_table_0.csv
18.,Actinomycin D,Powder for Injection 0.5mg,Each Pack,316.20,NPPA1_table_0.csv
19.,Acyclovir,Ointment 3%,1 gm,10.38,NPPA1_table_0.csv
20.,Acyclovir,Oral Liquid 400 mg/5ml,1 ml,1.26,NPPA1_table_0.csv
21.,Acyclovir,Tablet 200 mg,1 Tablet,6.75,NPPA1_table_0.csv
22.,Acyclovir,Tablet 400 mg,1 Tablet,12.27,NPPA1_table_0.csv
23.,Acyclovir,Powder for Injection 250 mg,Each Pack,354.27,NPPA1_table_0.csv
24.,Acyclovir,Powder for Injection 500 mg,Each Pack,457.58,NPPA1_table_0.csv
25.,Adenosine,Injection 3mg/ml,1 ml,98.17,NPPA1_table_0.csv
26.,Adrenaline,Injection 1 mg/ml,1 ml,15.61,NPPA1_table_0.csv
27.,Albendazole,Oral Liquid 200 mg/5ml,1 ml,1.59,NPPA1_table_0.csv
28.,Albendazole,Tablet 400 mg,1 Tablet,7.68,NPPA1_table_0.csv
29.,Allopurinol,Tablet 100 mg,1 Tablet,1.90,NPPA1_table_0.csv
30.,Allopurinol,Tablet 300 mg,1 Tablet,7.46,NPPA1_table_0.csv
31.,All-trans Retinoic Acid,Capsule 10 mg,1 Capsule,81.56,NPPA1_table_0.csv
32.,Alprostadil,Injection 0.5 mg/ml,1 ml,5646.64,NPPA1_table_0.csv
33.,Alteplase,Powder for Injection 20 mg,Each Pack,18938.45,NPPA1_table_0.csv
34.,Alteplase,Powder for Injection 50 mg,Each Pack,39541.63,NPPA1_table_0.csv
35.,Amiodarone,Injection 50 mg/ml,1 ml,22.24,NPPA1_table_0.csv
36.,Amiodarone,Tablet 100 mg,1 Tablet,5.70,NPPA1_table_0.csv
37.,Amiodarone,Tablet 200 mg,1 Tablet,11.29,NPPA1_table_0.csv
38.,Amitriptyline,Tablet 10 mg,1 Tablet,2.28,NPPA1_table_0.csv
39.,Amitriptyline,Tablet 25 mg,1 Tablet,2.25,NPPA1_table_0.csv
40.,Amitriptyline,Tablet 50 mg,1 Tablet,5.79,NPPA1_table_0.csv
41.,Amitriptyline,Tablet 75 mg,1 Tablet,5.59,NPPA1_table_0.csv
42.,Amlodipine,Tablet 10 mg,1 Tablet,5.05,NPPA1_table_0.csv
43.,Amlodipine,Tablet 2.5 mg,1 Tablet,1.65,NPPA1_table_0.csv
Sl No,Medicines,Dosage form and Strength,Unit,"Ceiling 
price",NPPA1_table_1.csv
(1),(2),(3),(4),(5),NPPA1_table_1.csv
44.,Amlodipine,Tablet 5mg,1 Tablet,2.60,NPPA1_table_1.csv
45.,Amoxicillin,Capsule 250 mg,1 Capsule,2.20,NPPA1_table_1.csv
46.,Amoxicillin,Oral Liquid 250 mg/5ml,1 ml,1.34,NPPA1_table_1.csv
47.,Amoxicillin,Capsule 500mg,1 Capsule,6.44,NPPA1_table_1.csv
48.,"Amoxicillin (A) + Clavulanic 
acid (B)","Dry Syrup 125 mg(A) + 31.25 
(B)/5 ml",1 ml,2.16,NPPA1_table_1.csv
49.,"Amoxicillin (A) + Clavulanic 
acid (B)","Oral Liquid 200 mg(A) + 28.5 
mg(B)/5ml",1 ml,1.8,NPPA1_table_1.csv
50.,"Amoxicillin (A) + Clavulanic 
acid (B)","Powder for Injection 500 
mg(A) + 100 mg(B)",Each Pack,89.76,NPPA1_table_1.csv
51.,"Amoxicillin (A) +Clavulanic 
acid (B)",Tablet 500mg(A) +125mg(B),1 Tablet,17.91,NPPA1_table_1.csv
52.,"Amoxicillin (A) +Clavulanic 
acid (B)","Powder for Injection 1g (A) 
+200mg(B)",Each Pack,125.22,NPPA1_table_1.csv
53.,Amphotericin B (Lipid),Powder for Injection 50 mg,Each Pack,3195.93,NPPA1_table_1.csv
54.,Amphotericin B (Liposomal),Powder for Injection 50 mg,Each Pack,7444.31,NPPA1_table_1.csv
55.,"Amphotericin B – 
Conventional",Powder for Injection 50 mg,Each Pack,308.82,NPPA1_table_1.csv
56.,Ampicillin,Powder for Injection 1 gm,Each Pack,21.28,NPPA1_table_1.csv
57.,Ampicillin,Powder for Injection 500 mg,Each Pack,13.11,NPPA1_table_1.csv
58.,Anti-D immunoglobulin,Injection 300mcg,Each Pack,2128.25,NPPA1_table_1.csv
59.,Anti-D Immunoglobulin,Injection 150mcg,Each Vial,1658.90,NPPA1_table_1.csv
60.,Anti-rabies immunoglobulin,Injection 150 IU/ml,1 ml,2766.21,NPPA1_table_1.csv
61.,Anti-rabies immunoglobulin,Injection 300 IU/ml,1 ml,97.52,NPPA1_table_1.csv
62.,"Anti-tetanus 
immunoglobulin",250IU,Each Pack,1108.05,NPPA1_table_1.csv
63.,Arsenic Trioxide,Injection 1mg/ml,1 ml,54.14,NPPA1_table_1.csv
64.,"Artemether (A) + 
Lumefantrine (B)","Oral Liquid 80 mg(A) +480 
mg(B) /5ml",1 ml,4.02,NPPA1_table_1.csv
65.,"Artemether (A) + 
Lumefantrine (B)",Tablet 20 mg(A) + 120 mg(B),1 Tablet,12.48,NPPA1_table_1.csv
66.,"Artemether (A) + 
Lumefantrine (B)",Tablet 40 mg(A) + 240 mg(B),1 Tablet,16.09,NPPA1_table_1.csv
67.,"Artemether (A) + 
Lumefantrine (B)",Tablet 80 mg(A) + 480 mg(B),1 Tablet,23.10,NPPA1_table_1.csv
68.,Artesunate,Powder for Injection 120 mg,Each Pack,414.90,NPPA1_table_1.csv
69.,Artesunate,Powder for Injection 60 mg,Each Pack,217.93,NPPA1_table_1.csv
70.,"Artesunate (A) + 
Sulphadoxine - 
Pyrimethamine (B)","Tablet 100 mg(A) + 1 Tablet 
(750 mg+ 37.5 mg) (B)",Combi pack,29.41,NPPA1_table_1.csv
71.,"Artesunate (A) + 
Sulphadoxine - 
Pyrimethamine (B)","Tablet 150 mg(A) + 2 Tablet 
(500 mg+ 25 mg) (B)",Combi pack,39.93,NPPA1_table_1.csv
72.,"Artesunate (A) + 
Sulphadoxine - 
Pyrimethamine (B)","Tablet 200 mg(A) + 2 Tablet 
(750 mg+ 37.5 mg) (B)",Combi pack,36.40,NPPA1_table_1.csv
73.,"Artesunate (A) + 
Sulphadoxine - 
Pyrimethamine (B)","Tablet 25 mg(A) + 1 Tablet 
(250 mg+ 12.5 mg) (B)",Combi pack,19.6,NPPA1_table_1.csv
74.,"Artesunate (A) + 
Sulphadoxine - 
Pyrimethamine (B)","1 Tablet 50 mg(A) + 1 Tablet 
(500 mg+ 25 mg) (B)",Combi Pack,21.16,NPPA1_table_1.csv
75.,Ascorbic Acid (Vitamin C),Tablet 100mg,1 Tablet,0.19,NPPA1_table_1.csv
76.,Ascorbic Acid (Vitamin C),Tablet 500 mg,1 Tablet,1.37,NPPA1_table_1.csv
Sl No,Medicines,Dosage form and Strength,Unit,"Ceiling 
price",NPPA1_table_10.csv
(1),(2),(3),(4),(5),NPPA1_table_10.csv
444.,Iron sucrose,Injection 20 mg/ml,1 ml,53.59,NPPA1_table_10.csv
445.,Isoflurane,Inhalation,1 ml,10.42,NPPA1_table_10.csv
446.,Isoniazid,Tablet 100mg,1 Tablet,0.68,NPPA1_table_10.csv
447.,Isoniazid,Tablet 300mg,1 Tablet,1.19,NPPA1_table_10.csv
448.,Isosorbide 5 Mononitrate,Tablet 20 mg,1 Tablet,3.27,NPPA1_table_10.csv
449.,Isosorbide dinitrate,Tablet 10 mg,1 Tablet,0.73,NPPA1_table_10.csv
450.,Isosorbide dinitrate,Tablet 5 mg,1 Tablet,0.75,NPPA1_table_10.csv
451.,Isosorbide-5-mononitrate,SR Capsule 30 mg,1 Capsule,3.49,NPPA1_table_10.csv
452.,Isosorbide-5-mononitrate,SR Capsule 60 mg,1 Capsule,3.47,NPPA1_table_10.csv
453.,Isosorbide-5-mononitrate,SR Tablet 30 mg,1 Tablet,4.88,NPPA1_table_10.csv
454.,Isosorbide-5-mononitrate,SR Tablet 60 mg,1 Tablet,6.37,NPPA1_table_10.csv
455.,Isosorbide-5-mononitrate,Tablet 10 mg,1 Tablet,1.96,NPPA1_table_10.csv
456.,Ispaghula,Granules/ Husk/ Powder,1 gm,0.77,NPPA1_table_10.csv
457.,IUD containing Copper,As licensed,1 IUD,286.65,NPPA1_table_10.csv
458.,"Japanese Encephalitis 
Vaccine",4mcg to 6mcg,Each Pack,695.51,NPPA1_table_10.csv
459.,"Japanese Encephalitis 
Vaccine",up to 3mcg,Each Pack,529.88,NPPA1_table_10.csv
460.,Kanamycin,Powder for Injection 1 gm,Each Pack,38.99,NPPA1_table_10.csv
461.,Kanamycin,Powder for Injection 500 mg,Each Pack,21.27,NPPA1_table_10.csv
462.,Kanamycin,Powder for Injection 750 mg,Each Pack,36.34,NPPA1_table_10.csv
463.,Ketamine,Injection 10 mg/ml,1 ml,10.56,NPPA1_table_10.csv
464.,Ketamine,Injection 50 mg/ml,1 ml,10.42,NPPA1_table_10.csv
465.,Labetalol,Injection 5 mg/ml,1 ml,50.54,NPPA1_table_10.csv
466.,Lactulose,Oral Liquid 10 g/15 ml,1 ml,1.09,NPPA1_table_10.csv
467.,"Lamivudine (A) + Nevirapine 
(B) + Stavudine (C)","Tablet 150 mg(A) + 200 
mg(B) + 30 mg(C)",1 Tablet,15.56,NPPA1_table_10.csv
468.,"Lamivudine (A) + Zidovudine 
(B)","Tablet 150 mg(A) + 300 
mg(B)",1 Tablet,20.00,NPPA1_table_10.csv
469.,"Lamivudine (A)+ Nevirapine 
(B) + Stavudine (C)","Dispersible Tablet 30 mg(A) 
+ 50 mg(B) + 6 mg(C)",1 Tablet,4.93,NPPA1_table_10.csv
470.,L-Asparaginase,"Powder for Injection 10000 
KU",Each Pack,1600.63,NPPA1_table_10.csv
471.,L-Asparaginase,Powder for Injection 5000KU,Each Pack,1033.19,NPPA1_table_10.csv
472.,Leflunomide,Tablet 10 mg,1 Tablet,9.98,NPPA1_table_10.csv
473.,Leflunomide,Tablet 20 mg,1 Tablet,19.48,NPPA1_table_10.csv
474.,Letrozole,Tablet 2.5 mg,1 Tablet,40.65,NPPA1_table_10.csv
475.,Levetiracetam,Injection 100 mg/ml,1 ml,21.75,NPPA1_table_10.csv
476.,Levetiracetam,ER Tablet 750 mg,1 Tablet,17.34,NPPA1_table_10.csv
477.,Levetiracetam,Tablet 250 mg,1 Tablet,5.83,NPPA1_table_10.csv
478.,Levetiracetam,Tablet 500 mg,1 Tablet,11.79,NPPA1_table_10.csv
479.,Levetiracetam,Tablet 750 mg,1 Tablet,18.13,NPPA1_table_10.csv
480.,Levetiracetam,Oral Liquid 100 mg/ml,1 ml,3.64,NPPA1_table_10.csv
481.,"Levodopa (A) + Carbidopa 
(B)","CR Tablet 100 mg(A) + 25 
mg(B)",1 Tablet,3.32,NPPA1_table_10.csv
482.,"Levodopa (A) + Carbidopa 
(B)",Tablet 100 mg(A) + 10 mg(B),1 Tablet,1.55,NPPA1_table_10.csv
483.,"Levodopa (A) + Carbidopa 
(B)",Tablet 100 mg(A) + 25 mg(B),1 Tablet,2.25,NPPA1_table_10.csv
484.,"Levodopa (A) + Carbidopa 
(B)",Tablet 250 mg(A) + 25 mg(B),1 Tablet,3.73,NPPA1_table_10.csv
485.,"Levodopa (A) + Carbidopa 
(B)","CR Tablet 200 mg(A) + 50 
mg(B)",1 Tablet,4.10,NPPA1_table_10.csv
Sl No,Medicines,Dosage form and Strength,Unit,"Ceiling 
price",NPPA1_table_11.csv
(1),(2),(3),(4),(5),NPPA1_table_11.csv
486.,Levofloxacin,Tablet 250 mg,1 Tablet,4.40,NPPA1_table_11.csv
487.,Levofloxacin,Tablet 750 mg,1 Tablet,10.90,NPPA1_table_11.csv
488.,Levofloxacin,Tablet 500mg,1 Tablet,8.04,NPPA1_table_11.csv
489.,Levonorgestrel,Tablet 0.75 mg,1 Tablet,22.95,NPPA1_table_11.csv
490.,Levothyroxine,Tablet 100 mcg,1 Tablet,1.19,NPPA1_table_11.csv
491.,Levothyroxine,Tablet 112mcg,1 Tablet,1.43,NPPA1_table_11.csv
492.,Levothyroxine,Tablet 12.5 mcg,1 Tablet,1.34,NPPA1_table_11.csv
493.,Levothyroxine,Tablet 125 mcg,1 Tablet,1.53,NPPA1_table_11.csv
494.,Levothyroxine,Tablet 150 mcg,1 Tablet,1.54,NPPA1_table_11.csv
495.,Levothyroxine,Tablet 25 mcg,1 Tablet,1.30,NPPA1_table_11.csv
496.,Levothyroxine,Tablet 50 mcg,1 Tablet,0.98,NPPA1_table_11.csv
497.,Levothyroxine,Tablet 62.5mcg,1 Tablet,1.40,NPPA1_table_11.csv
498.,Levothyroxine,Tablet 75 mcg,1 Tablet,1.29,NPPA1_table_11.csv
499.,Levothyroxine,Tablet 88 mcg,1 Tablet,1.53,NPPA1_table_11.csv
500.,Lignocaine,Injection 2%,1 ml,0.98,NPPA1_table_11.csv
501.,Lignocaine,"Injection 2%(Preservative 
free for IV use)",1 ml,0.97,NPPA1_table_11.csv
502.,Lignocaine,Injection 1%,Each Pack,7.92,NPPA1_table_11.csv
503.,Lignocaine,Topical Forms 2-5%,1 gm or 1 ml,1.07,NPPA1_table_11.csv
504.,Lignocaine,"Injection 5% with 7.5% 
Glucose",1 ml,3.67,NPPA1_table_11.csv
505.,"Lignocaine (A) + Adrenaline 
(B)","Injection 1% (A) + 1:200000 
(5 mcg/ml) (B)",1 ml,0.45,NPPA1_table_11.csv
506.,"Lignocaine (A) + Adrenaline 
(B)","Injection 2% (A) + 1:200000 
(5mcg/ml) (B)",1 ml,0.92,NPPA1_table_11.csv
507.,Linezolid,Tablet 600 mg,1 Tablet,32.94,NPPA1_table_11.csv
508.,Lithium,Tablet 300 mg,1 Tablet,1.46,NPPA1_table_11.csv
509.,Loperamide,Capsule 2 mg,1 Capsule,3.57,NPPA1_table_11.csv
510.,Loperamide,Tablet 2 mg,1 Tablet,1.97,NPPA1_table_11.csv
511.,Lopinavir (A) + Ritonavir (B),Tablet 100 mg(A) + 25 mg(B),1 Tablet,23.44,NPPA1_table_11.csv
512.,Lopinavir (A) + Ritonavir (B),Tablet 200 mg(A) + 50 mg(B),1 Tablet,45.43,NPPA1_table_11.csv
513.,Lorazepam,injection 2 mg/ml,1 ml,7.75,NPPA1_table_11.csv
514.,Lorazepam,Tablet 1 mg,1 Tablet,2.06,NPPA1_table_11.csv
515.,Lorazepam,Tablet 2 mg,1 Tablet,2.51,NPPA1_table_11.csv
516.,Magnesium Sulphate,Injection 500 mg/ml,1 ml,4.76,NPPA1_table_11.csv
517.,Mannitol,Injection 10%,1 ml,0.16,NPPA1_table_11.csv
518.,Mannitol,Injection 20%,1 ml,0.30,NPPA1_table_11.csv
519.,Measles Rubbela  Vaccine,,"Each Pack  
(0.5ml)",88.15,NPPA1_table_11.csv
520.,Measles vaccine,Vaccine,Each Pack (0.5ml),50.84,NPPA1_table_11.csv
521.,Mebendazole,Oral Liquid 100 mg/5ml,1 ml,0.77,NPPA1_table_11.csv
522.,Mebendazole,Tablet 100 mg,1 Tablet,2.92,NPPA1_table_11.csv
523.,Medroxyprogesteroneacetate,Tablet 10 mg,1 Tablet,5.37,NPPA1_table_11.csv
524.,Mefenamic acid,Oral Liquid 100 mg/5ml,1 ml,0.52,NPPA1_table_11.csv
525.,Mefenamic acid,Tablet 250 mg,1 Tablet,1.93,NPPA1_table_11.csv
526.,Mefenamic acid,Tablet 500 mg,1 Tablet,2.45,NPPA1_table_11.csv
527.,Mefloquine,Tablet 250 mg,1 Tablet,50.83,NPPA1_table_11.csv
528.,Meglumine Diatrizoate,Injection 60%w/v,1 ml,8.24,NPPA1_table_11.csv
529.,Meglumine Diatrizoate,Injection 76%w/v,1 ml,9.52,NPPA1_table_11.csv
530.,Melphalan,Tablet 2 mg,1 Tablet,97.82,NPPA1_table_11.csv
531.,Melphalan,Tablet 5 mg,1 Tablet,167.77,NPPA1_table_11.csv
532.,Mesna,Injection 100 mg/ml,1 ml,16.72,NPPA1_table_11.csv
Sl No,Medicines,Dosage form and Strength,Unit,"Ceiling 
price",NPPA1_table_12.csv
(1),(2),(3),(4),(5),NPPA1_table_12.csv
533.,Metformin,"Immediate Release Tablet 
500 mg",1 Tablet,1.50,NPPA1_table_12.csv
534.,Metformin,"Controlled Release Tablet 
1000 mg",1 Tablet,3.64,NPPA1_table_12.csv
535.,Metformin,"Controlled Release Tablet 
500 mg",1 Tablet,1.91,NPPA1_table_12.csv
536.,Metformin,"controlled Released Tablet 
750 mg",1 Tablet,2.39,NPPA1_table_12.csv
537.,Metformin,"Immediate Release Tablet 
1000 mg",1 Tablet,3.59,NPPA1_table_12.csv
538.,Metformin,"Immediate Release Tablet 
750 mg",1 Tablet,3.03,NPPA1_table_12.csv
539.,Methotrexate,Injection 25 mg/ml,1 ml,47.96,NPPA1_table_12.csv
540.,Methotrexate,Injection 50 mg/ml,1 ml,39.94,NPPA1_table_12.csv
541.,Methotrexate,Tablet 10 mg,1 Tablet,12.11,NPPA1_table_12.csv
542.,Methotrexate,Tablet 2.5 mg,1 Tablet,4.77,NPPA1_table_12.csv
543.,Methotrexate,Tablet 7.5 mg,1 Tablet,11.55,NPPA1_table_12.csv
544.,Methotrexate,Tablet 5 mg,1 Tablet,8.35,NPPA1_table_12.csv
545.,Methyldopa,Tablet 250 mg,1 Tablet,2.44,NPPA1_table_12.csv
546.,Methyldopa,Tablet 500 mg,1 Tablet,4.67,NPPA1_table_12.csv
547.,Methylergometrine,Injection 0.2 mg/ml,1 ml,14.23,NPPA1_table_12.csv
548.,Methylergometrine,Tablet 0.125 mg,1 Tablet,7.90,NPPA1_table_12.csv
549.,Methylprednisolone,Tablet 16 mg,1 Tablet,8.89,NPPA1_table_12.csv
550.,Methylprednisolone,Tablet 8 mg,1 Tablet,5.08,NPPA1_table_12.csv
551.,Methylprednisolone,Injection 40mg/ml,1 ml,53.81,NPPA1_table_12.csv
552.,Metoclopramide,"Injection 5 mg/ml (10 ml 
Pack)",1 ml,1.42,NPPA1_table_12.csv
553.,Metoclopramide,"Injection 5 mg/ml (2 ml 
Pack)",1 ml,2.33,NPPA1_table_12.csv
554.,Metoclopramide,Oral Liquid 5 mg/5ml,1 ml,0.44,NPPA1_table_12.csv
555.,Metoclopramide,Tablet 10 mg,1 Tablet,1.16,NPPA1_table_12.csv
556.,Metoprolol,Capsule 25 mg,1 Capsule,4.22,NPPA1_table_12.csv
557.,Metoprolol,Capsule 50 mg,1 Capsule,6.43,NPPA1_table_12.csv
558.,Metoprolol,SR Tablet 25 mg,1 Tablet,4.02,NPPA1_table_12.csv
559.,Metoprolol,SR Tablet 50 mg,1 Tablet,5.76,NPPA1_table_12.csv
560.,Metoprolol,Tablet 25 mg,1 Tablet,3.10,NPPA1_table_12.csv
561.,Metoprolol,Tablet 50 mg,1 Tablet,4.70,NPPA1_table_12.csv
562.,Metronidazole,Injection 500mg/100ml,1 ml,0.20,NPPA1_table_12.csv
563.,Metronidazole,Oral Liquid 200 mg/5ml,1 ml,0.45,NPPA1_table_12.csv
564.,Metronidazole,Tablet 200 mg,1 Tablet,0.69,NPPA1_table_12.csv
565.,Metronidazole,Tablet 400 mg,1 Tablet,1.27,NPPA1_table_12.csv
566.,Midazolam,Injection 1 mg/ml,1 ml,5.89,NPPA1_table_12.csv
567.,Midazolam,Injection 5 mg/ml,1 ml,14.47,NPPA1_table_12.csv
568.,Midazolam,Tablet 7.5mg,1 Tablet,22.38,NPPA1_table_12.csv
569.,Mifepristone,Tablet 200 mg,1 Tablet,320.77,NPPA1_table_12.csv
570.,Misoprostol,Tablet 100 mcg,1 Tablet,8.68,NPPA1_table_12.csv
571.,Misoprostol,Tablet 200 mcg,1 Tablet,16.65,NPPA1_table_12.csv
572.,Morphine,Injection 10 mg/ml,1 ml,23.68,NPPA1_table_12.csv
573.,Morphine,Injection 15 mg/ml,1 ml,29.55,NPPA1_table_12.csv
574.,Morphine,SR Tablet 30 mg,1 Tablet,5.43,NPPA1_table_12.csv
575.,Morphine,Tablet 10 mg,1 Tablet,5.31,NPPA1_table_12.csv
576.,Moxifloxacin,Tablet 400 mg,1 Tablet,25.26,NPPA1_table_12.csv
Sl No,Medicines,Dosage form and Strength,Unit,"Ceiling 
price",NPPA1_table_13.csv
(1),(2),(3),(4),(5),NPPA1_table_13.csv
577.,Mycophenolate mofetil,Tablet 250 mg,1 Tablet,41.40,NPPA1_table_13.csv
578.,Mycophenolate mofetil,Tablet 500 mg,1 Tablet,81.89,NPPA1_table_13.csv
579.,N-acetylcysteine,Injection 200 mg/ml,1 ml,22.34,NPPA1_table_13.csv
580.,N-acetylcysteine,Sachet 200mg,1 gm,8.97,NPPA1_table_13.csv
581.,Naloxone,injection 0.4 mg/ml,1 ml,86.50,NPPA1_table_13.csv
582.,Natamycin,Drops 5%,1 ml,22.74,NPPA1_table_13.csv
583.,Neostigmine,injection 0.5 mg/ml,1 ml,4.34,NPPA1_table_13.csv
584.,Neostigmine,Tablet 15 mg,1 Tablet,4.66,NPPA1_table_13.csv
585.,Nevirapine,Oral Liquid 50 mg/5ml,1 ml,0.84,NPPA1_table_13.csv
586.,Nevirapine,Tablet 200 mg,1 Tablet,14.27,NPPA1_table_13.csv
587.,Nifedipine,Capsule 10 mg,1 Capsule,0.86,NPPA1_table_13.csv
588.,Nifedipine,Tablet 10 mg,1 Tablet,1.23,NPPA1_table_13.csv
589.,Nitrofurantoin,Oral Liquid 25 mg/5ml,1 ml,0.82,NPPA1_table_13.csv
590.,Nitrofurantoin,Tablet 100 mg,1 Tablet,7.21,NPPA1_table_13.csv
591.,Nitrofurantoin,Capsule 100mg,1 Capsule,7.83,NPPA1_table_13.csv
592.,Nitrous Oxide,Inhalation,Cubic Meter,232.96,NPPA1_table_13.csv
593.,Noradrenaline,Injection 2 mg/ml,1 ml,25.69,NPPA1_table_13.csv
594.,Norethisterone,Tablet 5 mg,1 Tablet,5.09,NPPA1_table_13.csv
595.,Omeprazole,Capsule 10 mg,1 Capsule,2.11,NPPA1_table_13.csv
596.,Omeprazole,Capsule 20 mg,1 Capsule,2.49,NPPA1_table_13.csv
597.,Omeprazole,Capsule 40 mg,1 Capsule,4.92,NPPA1_table_13.csv
598.,Omeprazole,Powder for oral Liquid 20 mg,1 gm,1.22,NPPA1_table_13.csv
599.,Omeprazole,Tablet 10 mg,1 Tablet,4.42,NPPA1_table_13.csv
600.,Omeprazole,Tablet 20 mg,1 Tablet,4.91,NPPA1_table_13.csv
601.,Omeprazole,Tablet 40 mg,1 Tablet,8.31,NPPA1_table_13.csv
602.,Ondansetron,Injection 2 mg/ml,1 ml,5.83,NPPA1_table_13.csv
603.,Ondansetron,Oral Liquid 2 mg/5ml,1 ml,1.13,NPPA1_table_13.csv
604.,Ondansetron,Tablet 4 mg,1 Tablet,4.69,NPPA1_table_13.csv
605.,Ondansetron,Tablet 8 mg,1 Tablet,9.73,NPPA1_table_13.csv
606.,Oral Rehydration Salts,As Licensed,1 gm,0.89,NPPA1_table_13.csv
607.,Oral Rehydration Salts,As Licensed,1 ml,0.14,NPPA1_table_13.csv
608.,Oxaliplatin,Injection 100mg(as licensed),Each Pack,4455.90,NPPA1_table_13.csv
609.,Oxaliplatin,Injection 50mg(as licensed),Each Pack,2591.45,NPPA1_table_13.csv
610.,Oxytocin,Injection 10 IU/ml,1 ml,39.28,NPPA1_table_13.csv
611.,Oxytocin,Injection 5IU/ml,1 ml,17.60,NPPA1_table_13.csv
612.,Paclitaxel,Injection 100 mg/16.7 ml,1 ml,222.53,NPPA1_table_13.csv
613.,Paclitaxel,Injection 30 mg/ 5ml,1 ml,222.53,NPPA1_table_13.csv
614.,Pantoprazole,Injection 40 mg,Each Pack,44.39,NPPA1_table_13.csv
615.,Para-aminosalicylic acid,Granules (As licensed),1 gm,2.83,NPPA1_table_13.csv
616.,Paracetamol,Oral Liquid 100 mg/5ml,1 ml,0.51,NPPA1_table_13.csv
617.,Paracetamol,Oral Liquid 120 mg/5ml,1 ml,0.53,NPPA1_table_13.csv
618.,Paracetamol,Oral Liquid 125 mg/5ml,1 ml,0.34,NPPA1_table_13.csv
619.,Paracetamol,Oral Liquid 150 mg/5ml,1 ml,0.58,NPPA1_table_13.csv
620.,Paracetamol,Oral Liquid 250 mg/5ml,1 ml,0.60,NPPA1_table_13.csv
621.,Paracetamol,Oral Liquid 500 mg/5ml,1 ml,0.64,NPPA1_table_13.csv
622.,Paracetamol,Oral Liquid 650 mg/5ml,1 ml,0.52,NPPA1_table_13.csv
623.,Paracetamol,Tablet 500 mg,1 Tablet,0.91,NPPA1_table_13.csv
624.,Paracetamol,Tablet 650 mg,1 Tablet,1.83,NPPA1_table_13.csv
625.,Paracetamol,Injection 150 mg/ml,"Each Pack ( 0.5 
ml)",3.06,NPPA1_table_13.csv
626.,Paracetamol,Injection 150 mg/ml,Each Pack (1 ml),4.19,NPPA1_table_13.csv
627.,Paracetamol,Injection 150 mg/ml,Each Pack (2 ml),6.43,NPPA1_table_13.csv
Sl No,Medicines,Dosage form and Strength,Unit,"Ceiling 
price",NPPA1_table_14.csv
(1),(2),(3),(4),(5),NPPA1_table_14.csv
628.,Paracetamol,Injection 150 mg/ml,Each Pack (3 ml),8.68,NPPA1_table_14.csv
629.,Paracetamol,Injection 150 mg/ml,Each Pack (4 ml),10.93,NPPA1_table_14.csv
630.,Paracetamol,Injection 150 mg/ml,Each Pack (5 ml),13.18,NPPA1_table_14.csv
631.,Paracetamol,Injection 150 mg/ml,Each Pack (7 ml),17.68,NPPA1_table_14.csv
632.,Paracetamol,Suppository 170 mg,Each Suppository,7.67,NPPA1_table_14.csv
633.,Paracetamol,Suppository 80 mg,Each Suppository,6.49,NPPA1_table_14.csv
634.,Paracetamol Oral Liquid,100 mg/ml (pediatric),1 ml,1.61,NPPA1_table_14.csv
635.,Pegylated interferon alfa 2a,Injection 180mcg,Each Pack,7889.76,NPPA1_table_14.csv
636.,Pegylated interferon alfa 2b,Injection 100mcg,Each Pack,15599.00,NPPA1_table_14.csv
637.,Pegylated interferon alfa 2b,Injection 120mcg,Each Pack,14527.08,NPPA1_table_14.csv
638.,Pegylated interferon alfa 2b,Injection 80mcg,Each Pack,12470.96,NPPA1_table_14.csv
639.,Penicillamine,Capsule 250 mg,1 Capsule,14.82,NPPA1_table_14.csv
640.,Permethrin,Cream 1%,1 gm,1.60,NPPA1_table_14.csv
641.,Permethrin,Cream 5%,1 gm,1.73,NPPA1_table_14.csv
642.,Permethrin,Gel 5%,1 gm,1.46,NPPA1_table_14.csv
643.,Permethrin,Lotion 1%,1 gm,0.91,NPPA1_table_14.csv
644.,Permethrin,Lotion 5%,1 ml,0.97,NPPA1_table_14.csv
645.,Pheniramine,Injection 22.75 mg/ml (2ml),1 ml,2.28,NPPA1_table_14.csv
646.,Pheniramine,Injection 22.75 mg/ml(10ml),1 ml,1.70,NPPA1_table_14.csv
647.,Phenobarbitone,Injection 200 mg/ml,1 ml,19.11,NPPA1_table_14.csv
648.,Phenobarbitone,Tablet 30 mg,1 Tablet,1.22,NPPA1_table_14.csv
649.,Phenobarbitone,Tablet 60 mg,1 Tablet,1.76,NPPA1_table_14.csv
650.,Phenobarbitone,Oral liquid 20 mg/5 ml,1 ml,0.44,NPPA1_table_14.csv
651.,Phenylephrine,Drop 10%,1 ml,8.06,NPPA1_table_14.csv
652.,Phenylephrine,Drops 5%,1 ml,3.72,NPPA1_table_14.csv
653.,Phenytoin,Capsule 100 mg,1 Capsule,1.52,NPPA1_table_14.csv
654.,Phenytoin,Capsule 300 mg,1 Capsule,3.80,NPPA1_table_14.csv
655.,Phenytoin,ERCapsule 300 mg,1 Capsule,3.80,NPPA1_table_14.csv
656.,Phenytoin,injection 25 mg/ml,1 ml,2.51,NPPA1_table_14.csv
657.,Phenytoin,Injection 50 mg/ml,1 ml,5.36,NPPA1_table_14.csv
658.,Phenytoin,Oral Liquid 125 mg/5ml,1 ml,0.90,NPPA1_table_14.csv
659.,Phenytoin,Oral Liquid 30 mg/5ml,1 ml,0.31,NPPA1_table_14.csv
660.,Phenytoin,ER Tablet 300 mg,1 Tablet,5.79,NPPA1_table_14.csv
661.,Phenytoin,Tablet 100 mg,1 Tablet,1.55,NPPA1_table_14.csv
662.,Phenytoin,Tablet 300 mg,1 Tablet,4.73,NPPA1_table_14.csv
663.,Phenytoin,Tablet 50 mg,1 Tablet,0.74,NPPA1_table_14.csv
664.,"Phytomenadione (Vitamin 
K1)",Injection 10mg/ml,1 ml,47.74,NPPA1_table_14.csv
665.,"Phytomenadione (Vitamin 
K1)",Tablet 10mg,1 Tablet,14.48,NPPA1_table_14.csv
666.,Pilocarpine,Drops 2%,1 ml,10.08,NPPA1_table_14.csv
667.,Pilocarpine,Drops 4%,1 ml,11.65,NPPA1_table_14.csv
668.,"Piperacillin (A) + 
Tazobactam (B)","Powder for Injection 1 g (A) 
+ 125 mg(B)",Each Pack,88.14,NPPA1_table_14.csv
669.,"Piperacillin (A) + 
Tazobactam (B)","Powder for Injection 2 g (A) 
+ 250 mg(B)",Each Pack,208.51,NPPA1_table_14.csv
670.,"Piperacillin (A) + 
Tazobactam (B)","Powder for Injection 4 g (A) 
+ 500 mg(B)",Each Pack,438.00,NPPA1_table_14.csv
671.,Potassium chloride,Injection 150 mg/ml,1 ml,2.42,NPPA1_table_14.csv
672.,Potassium chloride,Oral Liquid 500 mg/5ml,1 ml,0.29,NPPA1_table_14.csv
673.,Potassium permanganate,Crystals for topical solution,1 gm,0.44,NPPA1_table_14.csv
Sl No,Medicines,Dosage form and Strength,Unit,"Ceiling 
price",NPPA1_table_15.csv
(1),(2),(3),(4),(5),NPPA1_table_15.csv
674.,Povidone iodine,Ointment 10%,1 gm,5.19,NPPA1_table_15.csv
675.,Povidone iodine,Solution 4%,1 ml,1.73,NPPA1_table_15.csv
676.,Povidone iodine,Solution 7.5%,1 ml,0.77,NPPA1_table_15.csv
677.,Povidone Iodine,Solution 10%,1 ml,0.93,NPPA1_table_15.csv
678.,Povidone Iodine,Solution 5%,1 ml,0.39,NPPA1_table_15.csv
679.,"Pralidoxime chloride (2-
PAM)",Injection 25 mg/ml,1 ml,3.72,NPPA1_table_15.csv
680.,Prednisolone,Drops 1%,1 ml,5.01,NPPA1_table_15.csv
681.,Prednisolone,Injection 20 mg/2ml,1 ml,3.57,NPPA1_table_15.csv
682.,Prednisolone,Oral Liquid 15 mg/ 5ml,1 ml,0.75,NPPA1_table_15.csv
683.,Prednisolone,Oral Liquid 5 mg/ 5ml,1 ml,0.43,NPPA1_table_15.csv
684.,Prednisolone,Tablet 10 mg,1 Tablet,0.97,NPPA1_table_15.csv
685.,Prednisolone,Tablet 20 mg,1 Tablet,1.95,NPPA1_table_15.csv
686.,Prednisolone,Tablet 40 mg,1 Tablet,2.80,NPPA1_table_15.csv
687.,Prednisolone,Tablet 5 mg,1 Tablet,0.56,NPPA1_table_15.csv
688.,"Premix Insulin 30:70 
Injection (Regular:NPH)",Injection 40 IU /ml,1 ml,15.01,NPPA1_table_15.csv
689.,"Prilocaine (A) + Lignocaine 
(B)",Cream 2.5% (A) + 2.5% (B ),1 gm,20.39,NPPA1_table_15.csv
690.,Primaquine,Tablet 15 mg,1 Tablet,4.56,NPPA1_table_15.csv
691.,Primaquine,Tablet 2.5 mg,1 Tablet,1.55,NPPA1_table_15.csv
692.,Primaquine,Tablet 7.5 mg,1 Tablet,2.11,NPPA1_table_15.csv
693.,Procarbazine,Capsule 50 mg,1 Capsule,34.47,NPPA1_table_15.csv
694.,Procarbazine,Tablet 50 mg,1 Tablet,46.97,NPPA1_table_15.csv
695.,Proparacaine,Drops 0.5%,1 ml,9.94,NPPA1_table_15.csv
696.,Propofol,Injection 10 mg/ml,1 ml,7.20,NPPA1_table_15.csv
697.,Propranolol,Capsule 40 mg,1 Capsule,3.79,NPPA1_table_15.csv
698.,Propranolol,Capsule 80 mg,1 Capsule,5.76,NPPA1_table_15.csv
699.,Propranolol,Tablet 10 mg,1 Tablet,1.16,NPPA1_table_15.csv
700.,Propranolol,Tablet 40 mg,1 Tablet,2.75,NPPA1_table_15.csv
701.,Propranolol,Tablet 80 mg,1 Tablet,4.98,NPPA1_table_15.csv
702.,Protamine,Injection 10 mg/ml,1 ml,9.22,NPPA1_table_15.csv
703.,Pyrazinamide,Oral Liquid 250 mg/5ml,1 ml,0.61,NPPA1_table_15.csv
704.,Pyrazinamide,Tablet 1000 mg,1 Tablet,9.40,NPPA1_table_15.csv
705.,Pyrazinamide,Tablet 1500 mg,1 Tablet,10.41,NPPA1_table_15.csv
706.,Pyrazinamide,Tablet 500 mg,1 Tablet,4.22,NPPA1_table_15.csv
707.,Pyrazinamide,Tablet 750 mg,1 Tablet,6.42,NPPA1_table_15.csv
708.,Pyridoxine,Tablet 100 mg,1 Tablet,5.57,NPPA1_table_15.csv
709.,Pyridoxine,Tablet 10mg,1 Tablet,0.11,NPPA1_table_15.csv
710.,Quinine,Injection 300 mg/ml,1 ml,10.14,NPPA1_table_15.csv
711.,Quinine,Tablet 300 mg,1 Tablet,5.71,NPPA1_table_15.csv
712.,Rabies Vaccine,,Each Pack,340.72,NPPA1_table_15.csv
713.,Raltegravir,Tablet 400 mg,1 Tablet,156.04,NPPA1_table_15.csv
714.,Ramipril,Capsule 2.5 mg,1 Capsule,4.72,NPPA1_table_15.csv
715.,Ramipril,Capsule 5 mg,1 Capsule,7.37,NPPA1_table_15.csv
716.,Ramipril,Tablet 2.5 mg,1 Tablet,4.96,NPPA1_table_15.csv
717.,Ramipril,Tablet 5 mg,1 Tablet,7.81,NPPA1_table_15.csv
718.,Ranitidine,Oral Liquid 75 mg/5ml,1 ml,0.72,NPPA1_table_15.csv
719.,Ranitidine,Tablet 150 mg,1 Tablet,0.73,NPPA1_table_15.csv
720.,Ranitidine,Injection 25mg/ml,1 ml,1.61,NPPA1_table_15.csv
721.,Ribavirin,Capsule 200 mg,1 Capsule,83.40,NPPA1_table_15.csv
722.,Rifabutin,Capsule 150mg,1 Capsule,39.55,NPPA1_table_15.csv
Sl No,Medicines,Dosage form and Strength,Unit,"Ceiling 
price",NPPA1_table_16.csv
(1),(2),(3),(4),(5),NPPA1_table_16.csv
723.,Rifabutin,Tablet 150mg,1 Tablet,36.93,NPPA1_table_16.csv
724.,Rifampicin,Capsule 150 mg,1 Capsule,2.00,NPPA1_table_16.csv
725.,Rifampicin,Capsule 300 mg,1 Capsule,3.79,NPPA1_table_16.csv
726.,Rifampicin,Capsule 450 mg,1 Capsule,4.92,NPPA1_table_16.csv
727.,Rifampicin,Capsule 600 mg,1 Capsule,11.56,NPPA1_table_16.csv
728.,Rifampicin,Oral Liquid 100 mg/5ml,1 ml,0.39,NPPA1_table_16.csv
729.,Rifampicin,Tablet 150 mg,1 Tablet,1.61,NPPA1_table_16.csv
730.,Rifampicin,Tablet 300 mg,1 Tablet,2.92,NPPA1_table_16.csv
731.,Ringer Lactate,Injection 1000ml,Each Pack,79.53,NPPA1_table_16.csv
732.,Ringer Lactate,Injection 100ml,Each Pack,20.83,NPPA1_table_16.csv
733.,Ringer Lactate,Injection 250ml,Each Pack,35.51,NPPA1_table_16.csv
734.,Ringer Lactate,Injection 500ml,Each Pack,45.25,NPPA1_table_16.csv
735.,Risperidone,Oral Liquid 1 mg/ml,1 ml,1.93,NPPA1_table_16.csv
736.,Risperidone,Tablet 1 mg,1 Tablet,3.07,NPPA1_table_16.csv
737.,Risperidone,Tablet 2 mg,1 Tablet,4.91,NPPA1_table_16.csv
738.,Risperidone,Tablet 4 mg,1 Tablet,9.97,NPPA1_table_16.csv
739.,Ritonavir,Capsule 100 mg,1 Capsule,28.14,NPPA1_table_16.csv
740.,Ritonavir,Tablet 100 mg,1 Tablet,28.94,NPPA1_table_16.csv
741.,Rituximab,Injection 10 mg/ml,1 ml,756.26,NPPA1_table_16.csv
742.,Salbutamol,Capsule 4 mg,1 Capsule,0.60,NPPA1_table_16.csv
743.,Salbutamol,"Inhalation (MDI/DPI) 100 
mcg/dose",1 Dose,0.40,NPPA1_table_16.csv
744.,Salbutamol,Oral Liquid 2 mg/5ml,1 ml,0.15,NPPA1_table_16.csv
745.,Salbutamol,"Respirator solution for use in 
Nebulizer 5 mg/ml",1 ml,0.70,NPPA1_table_16.csv
746.,Salbutamol,Tablet 2 mg,1 Tablet,0.16,NPPA1_table_16.csv
747.,Salbutamol,Tablet 4 mg,1 Tablet,0.18,NPPA1_table_16.csv
748.,Salicylic acid,Ointment 6%,1 gm,1.79,NPPA1_table_16.csv
749.,Sevoflurane,Inhalation,1 ml,29.82,NPPA1_table_16.csv
750.,Silver Sulphadiazine,Cream 1%,1 gm,0.51,NPPA1_table_16.csv
751.,"Snake venom antiserum- 
Lyophilized polyvalent",Powder for Injection,10 ml Pack,555.59,NPPA1_table_16.csv
752.,"Snake Venom Antiserum-
Soluble/ Liquid Polyvalent",Injection,"Each Pack (10 
ML)",431.45,NPPA1_table_16.csv
753.,Sodium Bicarbonate,Injection 7.5%,1 ml,1.40,NPPA1_table_16.csv
754.,Sodium Bicarbonate,Injection 8.4%,1 ml,1.28,NPPA1_table_16.csv
755.,Sodium Chloride,Injection 0.9%,1000ml Glass,59.17,NPPA1_table_16.csv
756.,Sodium Chloride,Injection 0.9%,"1000ml Non-
Glass",46.67,NPPA1_table_16.csv
757.,Sodium Chloride,Injection 0.9%,100ml Glass,17.50,NPPA1_table_16.csv
758.,Sodium Chloride,Injection 0.9%,100ml Non-Glass,15.76,NPPA1_table_16.csv
759.,Sodium Chloride,Injection 0.9%,250ml Glass,23.60,NPPA1_table_16.csv
760.,Sodium Chloride,Injection 0.9%,250ml Non-Glass,21.19,NPPA1_table_16.csv
761.,Sodium Chloride,Injection 0.9%,500ml Glass,32.81,NPPA1_table_16.csv
762.,Sodium Chloride,Injection 0.9%,500ml Non-Glass,27.93,NPPA1_table_16.csv
763.,Sodium Nitroprusside,Injection 10 mg/ml,1 ml,25.74,NPPA1_table_16.csv
764.,Sodium Valproate,Injection 100 mg/ml,1 ml,5.75,NPPA1_table_16.csv
765.,Sodium Valproate,Oral Liquid 200 mg/5ml,1 ml,0.58,NPPA1_table_16.csv
766.,Sodium Valproate,CR Tablets 300mg,1 Tablet,6.28,NPPA1_table_16.csv
767.,Sodium Valproate,CR Tablets 500mg,1 Tablet,9.72,NPPA1_table_16.csv
768.,Sodium Valproate,Tablet 200 mg,1 Tablet,3.09,NPPA1_table_16.csv
769.,Sodium Valproate,Tablet 300 mg,1 Tablet,3.96,NPPA1_table_16.csv
Sl No,Medicines,Dosage form and Strength,Unit,"Ceiling 
price",NPPA1_table_17.csv
(1),(2),(3),(4),(5),NPPA1_table_17.csv
770.,Sodium Valproate,Tablet 500 mg,1 Tablet,6.92,NPPA1_table_17.csv
771.,Sofosbuvir,Tablet 400 mg,1 Tablet,665.52,NPPA1_table_17.csv
772.,Somatostatin,Powder for Injection 3 mg,Each pack,1580.17,NPPA1_table_17.csv
773.,Spironolactone,Tablet 25 mg,1 Tablet,1.91,NPPA1_table_17.csv
774.,Spironolactone,Tablet 50 mg,1 Tablet,3.79,NPPA1_table_17.csv
775.,"Stavudine (A) + Lamivudine 
(B)",Tablet 30 mg(A) +150 mg(B),1 Tablet,9.52,NPPA1_table_17.csv
776.,Streptokinase,"Injection 15,00,000 IU",Each Pack,1784.78,NPPA1_table_17.csv
777.,Streptokinase,"Injection 7,50,000 IU",Each Pack,1255.28,NPPA1_table_17.csv
778.,Streptomycin,Powder for Injection 750 mg,Each Pack,8.75,NPPA1_table_17.csv
779.,Streptomycin,Powder for Injection 1 gm,Each Pack,10.40,NPPA1_table_17.csv
780.,Succinyl Choline,Injection 50 mg/ml,1 ml,4.82,NPPA1_table_17.csv
781.,Sucralfate,Oral Liquid 1 g,1 ml,0.70,NPPA1_table_17.csv
782.,Sulfasalazine,Tablet 500 mg,1 Tablet,3.97,NPPA1_table_17.csv
783.,Sumatriptan,Tablet 25mg,1 Tablet,33.19,NPPA1_table_17.csv
784.,Sumatriptan,Tablet 50mg,1 Tablet,51.38,NPPA1_table_17.csv
785.,Surfactant,"Suspension for intratracheal 
instillation (As liensed)","Per mg of 
Phospholipids in 
the pack",66.69,NPPA1_table_17.csv
786.,Tacrolimus,Capsule 0.5 mg,1 Capsule,22.05,NPPA1_table_17.csv
787.,Tacrolimus,Capsule 1 mg,1 Capsule,38.95,NPPA1_table_17.csv
788.,Tacrolimus,Capsule 2 mg,1 Capsule,76.30,NPPA1_table_17.csv
789.,Tamoxifen,Tablet 10 mg,1 Tablet,2.57,NPPA1_table_17.csv
790.,Tamoxifen,Tablet 20 mg,1 Tablet,2.90,NPPA1_table_17.csv
791.,Telmisartan,Tablet 20 mg,1 Tablet,3.64,NPPA1_table_17.csv
792.,Telmisartan,Tablet 40 mg,1 Tablet,6.57,NPPA1_table_17.csv
793.,Telmisartan,Tablet 80 mg,1 Tablet,10.02,NPPA1_table_17.csv
794.,Temozolomide,Capsule 100 mg,1 Capsule,2077.53,NPPA1_table_17.csv
795.,Temozolomide,Capsule 20 mg,1 Capsule,594.68,NPPA1_table_17.csv
796.,Temozolomide,Capsule 250 mg,1 Capsule,4672.75,NPPA1_table_17.csv
797.,Temozolomide,Tablet 100 mg,1 Tablet,1542.12,NPPA1_table_17.csv
798.,Temozolomide,Tablet 20 mg,1 Tablet,373.62,NPPA1_table_17.csv
799.,Temozolomide,Tablet 250 mg,1 Tablet,3816.90,NPPA1_table_17.csv
800.,Tenofovir,Tablet 300 mg,1 Tablet,47.05,NPPA1_table_17.csv
801.,"Tenofovir (A) + Lamivudine 
(B)","Tablet 300 mg(A) + 300 
mg(B)",1 Tablet,44.76,NPPA1_table_17.csv
802.,"Tenofovir (A) + Lamivudine 
(B) + Efavirenz (C)","Tablet 300 mg(A) + 300 
mg(B) + 600 mg(C)",1 Tablet,102.77,NPPA1_table_17.csv
803.,Tetanus Toxoid,Injection,Each Pack (0.5ml),10.81,NPPA1_table_17.csv
804.,Tetanus Toxoid,Injection,Each Pack (5 ml),23.37,NPPA1_table_17.csv
805.,Thalidomide,Capsule 100 mg,1 Capsule,60.92,NPPA1_table_17.csv
806.,Thalidomide,Capsule 50 mg,1 Capsule,35.19,NPPA1_table_17.csv
807.,Thiamine,Injection 100 mg/ml,1 ml,24.73,NPPA1_table_17.csv
808.,Thiamine,Tablet 100 mg,1 Tablet,3.74,NPPA1_table_17.csv
809.,Thiopentone,Powder for Injection 0.5 gm,Each Pack,40.61,NPPA1_table_17.csv
810.,Thiopentone,Powder for Injection 1 gm,Each Pack,49.28,NPPA1_table_17.csv
811.,Timolol,Drops 0.25%,1 ml,5.15,NPPA1_table_17.csv
812.,Timolol,Drops 0.5%,1 ml,11.89,NPPA1_table_17.csv
813.,Tiotropium,Inhalation (MDI) 9 mcg/dose,Per Metered Dose,2.40,NPPA1_table_17.csv
814.,Tiotropium,"Inhalation (DPI) 18 
mcg/dose",Per Dose,9.26,NPPA1_table_17.csv
815.,Tramadol,Capsule 50 mg,1 Capsule,4.50,NPPA1_table_17.csv
Sl No,Medicines,Dosage form and Strength,Unit,"Ceiling 
price",NPPA1_table_18.csv
(1),(2),(3),(4),(5),NPPA1_table_18.csv
816.,Tramadol,"Injection 50 mg/ml (20 ml 
Pack)",1 ml,1.24,NPPA1_table_18.csv
817.,Tramadol,"Injection 50 mg/ml (upto 2 
ml Pack)",1 ml,10.44,NPPA1_table_18.csv
818.,Tramadol,Tablet 100 mg,1 Tablet,19.61,NPPA1_table_18.csv
819.,Tramadol,Tablet 50 mg,1 Tablet,8.04,NPPA1_table_18.csv
820.,Tramadol,Capsule 100 mg,1 Capsule,9.57,NPPA1_table_18.csv
821.,Tranexamic acid,Injection 100 mg/ml,1 ml,14.90,NPPA1_table_18.csv
822.,Tranexamic acid,Tablet 500 mg,1 Tablet,17.32,NPPA1_table_18.csv
823.,Trastuzumab,Injection 440 mg/50 ml,Each Pack,59976.96,NPPA1_table_18.csv
824.,Trihexyphenidyl,Tablet 2 mg,1 Tablet,1.21,NPPA1_table_18.csv
825.,Tropicamide,Eye Drop 1%,1 ml,10.03,NPPA1_table_18.csv
826.,Vancomycin,Powder for Injection 1 gm,Each Pack,474.52,NPPA1_table_18.csv
827.,Vancomycin,Powder for Injection 250 mg,Each Pack,221.09,NPPA1_table_18.csv
828.,Vancomycin,Powder for Injection 500 mg,Each Pack,285.41,NPPA1_table_18.csv
829.,Vecuronium,Powder for Injection 10 mg,Each Pack,188.52,NPPA1_table_18.csv
830.,Vecuronium,Powder for Injection 4 mg,Each Pack,90.98,NPPA1_table_18.csv
831.,Verapamil,Injection 2.5 mg/ml,1 ml,1.16,NPPA1_table_18.csv
832.,Verapamil,Tablet 40 mg,1 Tablet,0.74,NPPA1_table_18.csv
833.,Verapamil,Tablet 80 mg,1 Tablet,1.39,NPPA1_table_18.csv
834.,Vinblastine,Injection 1mg/ml,1 ml,20.46,NPPA1_table_18.csv
835.,Vincristine,Injection 1 mg/ml,1 ml,51.96,NPPA1_table_18.csv
836.,Vitamin A,Capsule 50000 IU,1 Capsule,0.55,NPPA1_table_18.csv
837.,Vitamin A,Injection 50000 IU/ml,1 ml,1.91,NPPA1_table_18.csv
838.,Vitamin A,Tablet 50000 IU,1 Tablet,0.70,NPPA1_table_18.csv
839.,Warfarin,Tablet 1 mg,1 Tablet,2.41,NPPA1_table_18.csv
840.,Warfarin,Tablet 2 mg,1 Tablet,2.66,NPPA1_table_18.csv
841.,Warfarin,Tablet 3 mg,1 Tablet,3.11,NPPA1_table_18.csv
842.,Warfarin,Tablet 5 mg,1 Tablet,2.35,NPPA1_table_18.csv
843.,Water for Injection,Injection,Each Pack (10 ml),2.32,NPPA1_table_18.csv
844.,Water for Injection,Injection,Each Pack (5 ml),2.24,NPPA1_table_18.csv
845.,White Petrolatum,Jelly 100%,1 gm,0.09,NPPA1_table_18.csv
846.,Xylometazoline,Nasal Drops 0.05%,1 ml,3.92,NPPA1_table_18.csv
847.,Xylometazoline,Nasal Drops 0.1%,1 ml,5.19,NPPA1_table_18.csv
848.,Zidovudine,Capsule 300 mg,1 Capsule,2.06,NPPA1_table_18.csv
849.,Zidovudine,Tablet 300 mg,1 Tablet,14.21,NPPA1_table_18.csv
850.,"Zidovudine (A) + Lamivudine 
(B) + Nevirapine (C)","Tablet 300 mg(A) + 150 
mg(B) + 200 mg(C)",1 Tablet,20.09,NPPA1_table_18.csv
851.,Zinc sulphate,Dispersible Tablet 20mg,1 Tablet,3.13,NPPA1_table_18.csv
852.,Zoledronic Acid,Powder for Injection 4 mg,Each Pack,4188.87,NPPA1_table_18.csv
853.,Zolpidem,Capsule 5 mg,1 Capsule,7.33,NPPA1_table_18.csv
854.,Zolpidem,Tablet 10 mg,1 Tablet,8.42,NPPA1_table_18.csv
855.,Zolpidem,Tablet 5 mg,1 Tablet,5.37,NPPA1_table_18.csv
856.,"Human Normal 
Immunoglobulin",Solution for infusion 16.5%,1 ml,379.83,NPPA1_table_18.csv
857.,Bare Metal Stents,,1,"8,417",NPPA1_table_18.csv
858.,"Drug Eluting Stents (DES) 
including metallic DES and 
Bioresorbable Vascular  
Scaffold (BVS)/ 
Biodegradable Stents",,1,"30,647",NPPA1_table_18.csv
859.,Glucose,Injection 5%,1000ml Non Glass,76.17,NPPA1_table_18.csv
Sl No,Medicines,Dosage form and Strength,Unit,"Ceiling 
price",NPPA1_table_19.csv
(1),(2),(3),(4),(5),NPPA1_table_19.csv
,,,"with special 
features",,NPPA1_table_19.csv
860.,Glucose,Injection 5%,"500ml Non Glass 
with special 
features",65.90,NPPA1_table_19.csv
861.,"Glucose (A) + Sodium 
Chloride (B)",Injection 5% (A) + 0.9% (B),"1000ml Non Glass 
with special 
features",80.04,NPPA1_table_19.csv
862.,"Glucose (A) + Sodium 
Chloride (B)",Injection 5% (A) + 0.9% (B),"500ml Non Glass 
with special 
features",68.49,NPPA1_table_19.csv
863.,Sodium Chloride,Injection 0.9%,"100ml Non Glass 
with special 
features",33.68,NPPA1_table_19.csv
864.,Sodium Chloride,Injection 0.9%,"250ml Non Glass 
with special 
features",49.74,NPPA1_table_19.csv
865.,Sodium Chloride,Injection 0.9%,"500ml Non Glass 
with special 
features",70.43,NPPA1_table_19.csv
866.,Sodium Chloride,Injection 0.9%,"1000ml Non Glass 
with special 
features",78.89,NPPA1_table_19.csv
867.,Ringer lactate,Injection100 ml,"Each  100  ml pack 
having 
special 
features",23.95,NPPA1_table_19.csv
868.,Ringer lactate,Injection 250 ml,"Each 250 ml pack 
having special 
features",40.84,NPPA1_table_19.csv
869.,Ringer lactate,Injection 500 ml,"Each 500 ml pack 
having special 
features",52.03,NPPA1_table_19.csv
870.,Ringer lactate,Injection 1000 ml,"Each 1000 ml 
pack having 
special features",91.46,NPPA1_table_19.csv
Sl No,Medicines,Dosage form and Strength,Unit,"Ceiling 
price",NPPA1_table_2.csv
(1),(2),(3),(4),(5),NPPA1_table_2.csv
77.,"Atazanavir (A) + Ritonavir 
(B)","Tablet 300 mg(A) + 100 
mg(B)",1 Tablet,98.43,NPPA1_table_2.csv
78.,Atenolol,Tablet 100 mg,1 Tablet,3.47,NPPA1_table_2.csv
79.,Atenolol,Tablet 50 mg,1 Tablet,1.78,NPPA1_table_2.csv
80.,Atorvastatin,Tablet 10 mg,1 Tablet,5.47,NPPA1_table_2.csv
81.,Atorvastatin,Tablet 20 mg,1 Tablet,13.25,NPPA1_table_2.csv
82.,Atorvastatin,Tablet 40 mg,1 Tablet,19.24,NPPA1_table_2.csv
83.,Atracurium,Injection 10 mg/ml,Each Pack,52.27,NPPA1_table_2.csv
84.,Atropine,Ointment 1%,1 gm,3.77,NPPA1_table_2.csv
85.,Atropine,Injection 0.6 mg/ml,1 ml,4.18,NPPA1_table_2.csv
86.,Atropine,Drops 1%,1 ml,3.42,NPPA1_table_2.csv
87.,Azathioprine,Tablet 50 mg,1 Tablet,10.12,NPPA1_table_2.csv
88.,Azithromycin,Capsule 250 mg,1 Capsule,10.47,NPPA1_table_2.csv
89.,Azithromycin,Capsule 500 mg,1 Capsule,16.53,NPPA1_table_2.csv
90.,Azithromycin,Oral Liquid 200 mg/5ml,1 ml,3.07,NPPA1_table_2.csv
91.,Azithromycin,Tablet 250mg,1 Tablet,10.52,NPPA1_table_2.csv
92.,Azithromycin,Tablet 500mg,1 Tablet,21.23,NPPA1_table_2.csv
93.,Azithromycin,Powder for Injection 500mg,Each Pack,191.70,NPPA1_table_2.csv
94.,Baclofen,Tablet 10 mg,1 Tablet,10.72,NPPA1_table_2.csv
95.,Baclofen,Tablet 20 mg,1 Tablet,14.75,NPPA1_table_2.csv
96.,Baclofen,Tablet 5 mg,1 Tablet,5.52,NPPA1_table_2.csv
97.,BCG vaccine,,Each Dose,8.91,NPPA1_table_2.csv
98.,Benzathine benzylpenicillin,"Powder for Injection 12 lac 
units",Each Pack,18.18,NPPA1_table_2.csv
99.,Benzathine benzylpenicillin,"Powder for Injection 6 lac 
units",Each Pack,12.03,NPPA1_table_2.csv
100.,Benzoyl Peroxide,Cream 2.5%,1 gm,2.33,NPPA1_table_2.csv
101.,Benzoyl Peroxide,Gel 2.5%,1 gm,3.74,NPPA1_table_2.csv
102.,Benzyl penicillin,"Powder for Injection 10 Lac 
Units",Each Pack,7.78,NPPA1_table_2.csv
103.,Betamethasone,Cream 0.05%,1 gm,0.58,NPPA1_table_2.csv
104.,Betamethasone,Cream 0.1%,1 gm,0.84,NPPA1_table_2.csv
105.,Betamethasone,Gel 0.05%,1 gm,0.53,NPPA1_table_2.csv
106.,Betamethasone,Lotion 0.1%,1 ml,0.82,NPPA1_table_2.csv
107.,Betamethasone,Lotion 0.5%,1 ml,0.53,NPPA1_table_2.csv
108.,Betamethasone,Injection 4 mg/ml,1 ml,4.19,NPPA1_table_2.csv
109.,Bicalutamide,Tablet 50 mg,1 Tablet,68.41,NPPA1_table_2.csv
110.,Bisacodyl,Suppository 5 mg,1 Suppository,8.41,NPPA1_table_2.csv
111.,Bisacodyl,Tablet 5 mg,1 Tablet,1.00,NPPA1_table_2.csv
112.,Bleomycin,Powder for Injection 15 Units,Each Pack,618.94,NPPA1_table_2.csv
113.,Bortezomib,Powder for Injection 2 mg,Each Pack,12263.10,NPPA1_table_2.csv
114.,Budesonide,Nasal Spray 100 mcg/dose,1 Dose,0.91,NPPA1_table_2.csv
115.,Budesonide,Nasal Spray 50 mcg/dose,1 Dose,1.01,NPPA1_table_2.csv
116.,Budesonide,"Respiratory Solution for use 
in Nebulizer 0.5 mg/ml",1 ml,10.68,NPPA1_table_2.csv
117.,Budesonide,"Respiratory Solution for use 
in Nebulizer 1 mg/ml",1 ml,12.88,NPPA1_table_2.csv
118.,Budesonide,"Inhalation (MDI) 100 
mcg/dose",Per Metered Dose,1.26,NPPA1_table_2.csv
119.,Budesonide,"Inhalation (MDI) 200 
mcg/dose",Per metered Dose,1.57,NPPA1_table_2.csv
120.,Budesonide,"Inhalation (DPI) 100 
mcg/dose",Per Dose,1.99,NPPA1_table_2.csv
S. No.,Name of the Drug,Unit,"Maximum Price  
(ex-factory) 
Excluding GST (Rs.)",,NPPA1_table_20.csv
(1),(2),(3),(4),,NPPA1_table_20.csv
1,"Liquid Medical Oxygen 
(LMO)",Cubic Meter,15.22#,,NPPA1_table_20.csv
2,"Oxygen Inhalation 
(Medicinal gas) in cylinder",Cubic Meter,25.71#,,NPPA1_table_20.csv
Sl No,Medicines,"Dosage form and 
Strength",Unit,Ceiling price,NPPA1_table_21.csv
(1),(2),(3),(4),(5),NPPA1_table_21.csv
1,Acetyl Salicylic Acid,Tablet 300mg,1 Tablet,0.22566,NPPA1_table_21.csv
2,Calcium carbonate,Tablet 250 mg,1 Tablet,1.95,NPPA1_table_21.csv
3,Condoms,,1 Condom,9.10,NPPA1_table_21.csv
4,Dapsone,Tablet 50 mg,1 Tablet,0.2353,NPPA1_table_21.csv
5,Etoposide,Capsules 100 mg,1 Capsule,60.37,NPPA1_table_21.csv
6,Framycetin Sulphate,Cream 0.50%,1 GM,0.87,NPPA1_table_21.csv
7,Gentian Violet Paint,1%,1 ML,0.06516,NPPA1_table_21.csv
8,Isoniazid,Syrup 100 mg/5ml,1 ML,0.25772,NPPA1_table_21.csv
9,"Medroxy 
Progesterone Acetate",Tablet 5mg,1 Tablet,2.98,NPPA1_table_21.csv
10,"Oral Poliomyelitis 
vaccine (LA)",Solution,1 ML,120.24,NPPA1_table_21.csv
11,Praziquantel,Tablet 600 mg,1 Tablet,28.74,NPPA1_table_21.csv
12,Rifampicin,Tablet 450mg,1 Tablet,4.42,NPPA1_table_21.csv
13,Sodium Nitrite,Injection 30mg/ml,1 ML,21.51,NPPA1_table_21.csv
Sl No,Medicines,Dosage form and Strength,Unit,"Ceiling 
price",NPPA1_table_3.csv
(1),(2),(3),(4),(5),NPPA1_table_3.csv
121.,Budesonide,"Inhalation (DPI) 200 
mcg/dose",Per Dose,2.88,NPPA1_table_3.csv
122.,"Budesonide (A)+ Formoterol 
(B)","Inhalation (MDI) 100 mcg 
(A) + 6 mcg (B)",Per Metered Dose,1.88,NPPA1_table_3.csv
123.,"Budesonide (A)+ Formoterol 
(B)","Inhalation (MDI) 200 mcg 
(A) + 6 mcg (B)",Per Metered Dose,2.67,NPPA1_table_3.csv
124.,"Budesonide (A)+ Formoterol 
(B)","Inhalation (MDI) 400 mcg 
(A) + 6 mcg (B)",Per Metered Dose,3.04,NPPA1_table_3.csv
125.,"Budesonide (A)+ Formoterol 
(B)","Inhalation (DPI) 100 mcg (A) 
+ 6 mcg (B)",Per Dose,3.78,NPPA1_table_3.csv
126.,"Budesonide (A)+ Formoterol 
(B)","Inhalation (DPI) 200 mcg (A) 
+ 6 mcg (B)",Per Dose,5.02,NPPA1_table_3.csv
127.,"Budesonide (A)+ Formoterol 
(B)","Inhalation (DPI) 400 mcg (A) 
+ 6 mcg (B)",Per Dose,6.42,NPPA1_table_3.csv
128.,Bupivacaine,Injection 0.25%,1 ml,2.45,NPPA1_table_3.csv
129.,Bupivacaine,"Injection 0.5% with 7.5% 
glucose",1 ml,6.19,NPPA1_table_3.csv
130.,Bupivacaine,Injection 0.50%,1 ml,3.91,NPPA1_table_3.csv
131.,Caffeine,Injection 20 mg/ml,1 ml,250.27,NPPA1_table_3.csv
132.,Caffeine,Oral Liquid 20 mg/ml,1 ml,212.56,NPPA1_table_3.csv
133.,Calamine,Lotion (As per IP),1 ml,0.85,NPPA1_table_3.csv
134.,Calcium Carbonate,Tablet 500mg,1 Tablet,1.72,NPPA1_table_3.csv
135.,Calcium folinate,Tablet 15 mg,1 Tablet,40.67,NPPA1_table_3.csv
136.,Calcium gluconate,Injection 100 mg/ml,1 ml,0.55,NPPA1_table_3.csv
137.,Capecitabine,Tablet 500 mg,1 Tablet,126.01,NPPA1_table_3.csv
138.,Capreomycin,Powder for Injection 1 gm,Each Pack,345.37,NPPA1_table_3.csv
139.,Carbamazepine,Oral Liquid 100 mg/5ml,1 ml,0.19,NPPA1_table_3.csv
140.,Carbamazepine,CR Tablet 200 mg,1 Tablet,1.55,NPPA1_table_3.csv
141.,Carbamazepine,CR Tablet 400 mg,1 Tablet,3.05,NPPA1_table_3.csv
142.,Carbamazepine,Tablet 100 mg,1 Tablet,0.68,NPPA1_table_3.csv
143.,Carbamazepine,Tablet 200 mg,1 Tablet,1.39,NPPA1_table_3.csv
144.,Carbamazepine,Tablet 400 mg,1 Tablet,3.29,NPPA1_table_3.csv
145.,Carbimazole,Tablet 10 mg,1 Tablet,3.69,NPPA1_table_3.csv
146.,Carbimazole,Tablet 5 mg,1 Tablet,1.90,NPPA1_table_3.csv
147.,Carboplatin,Injection 10 mg/ml,1 ml,53.06,NPPA1_table_3.csv
148.,Carboxymethylcellulose,Drops 0.5%,1 ml,12.74,NPPA1_table_3.csv
149.,Carboxymethylcellulose,Drops 1%,1 ml,17.66,NPPA1_table_3.csv
150.,Cefadroxil,Capsule 500 mg,1 Capsule,7.13,NPPA1_table_3.csv
151.,Cefadroxil,Oral Liquid 125 mg/5ml,1 ml,0.63,NPPA1_table_3.csv
152.,Cefadroxil,Tablet 1 gm,1 Tablet,6.27,NPPA1_table_3.csv
153.,Cefadroxil,Tablet 500 mg,1 Tablet,4.02,NPPA1_table_3.csv
154.,Cefazolin,Powder for Injection 1 gm,Each Pack,24.48,NPPA1_table_3.csv
155.,Cefazolin,Powder for Injection 500 mg,Each Pack,15.52,NPPA1_table_3.csv
156.,Cefixime,Capsule 200 mg,1 Capsule,14.39,NPPA1_table_3.csv
157.,Cefixime,Capsule 400 mg,1 Capsule,29.15,NPPA1_table_3.csv
158.,Cefixime,Oral Liquid 100 mg/5ml,1 ml,2.15,NPPA1_table_3.csv
159.,Cefixime,Oral Liquid 50 mg/5ml,1 ml,1.45,NPPA1_table_3.csv
160.,Cefixime,Tablet 400 mg,1 Tablet,22.00,NPPA1_table_3.csv
161.,Cefixime,Tablet 200mg,1 Tablet,9.57,NPPA1_table_3.csv
162.,Cefotaxime,Powder for Injection 1 gm,Each Pack,34.22,NPPA1_table_3.csv
163.,Cefotaxime,Powder for Injection 250 mg,Each Pack,15.56,NPPA1_table_3.csv
164.,Cefotaxime,Powder for Injection 500 mg,Each Pack,20.46,NPPA1_table_3.csv
Sl No,Medicines,Dosage form and Strength,Unit,"Ceiling 
price",NPPA1_table_4.csv
(1),(2),(3),(4),(5),NPPA1_table_4.csv
165.,Ceftazidime,Powder for Injection 1 gm,Each Pack,208.68,NPPA1_table_4.csv
166.,Ceftazidime,Powder for Injection 250 mg,Each Pack,64.90,NPPA1_table_4.csv
167.,Ceftriaxone,Powder for Injection 1gm,Each Pack,53.75,NPPA1_table_4.csv
168.,Ceftriaxone,Powder for Injection 2 gm,Each Pack,127.77,NPPA1_table_4.csv
169.,Ceftriaxone,Powder for Injection 250 mg,Each Pack,24.61,NPPA1_table_4.csv
170.,Ceftriaxone,Powder for Injection 500 mg,Each Pack,44.95,NPPA1_table_4.csv
171.,Cetirizine,Capsule 10 mg,1 Capsule,2.37,NPPA1_table_4.csv
172.,Cetirizine,Oral Liquid 5 mg/5ml,1 ml,0.59,NPPA1_table_4.csv
173.,Cetirizine,Tablet 10 mg,1 Tablet,1.65,NPPA1_table_4.csv
174.,Cetrimide,"Solution 20% (concentrate 
for dilution)",1 ml,0.32,NPPA1_table_4.csv
175.,Chlorambucil,Tablet 2 mg,1 Tablet,36.80,NPPA1_table_4.csv
176.,Chlorambucil,Tablet 5 mg,1 Tablet,82.70,NPPA1_table_4.csv
177.,Chlorhexidine,"Solution 5% (Concentrate for 
dilution)",1 ml,0.15,NPPA1_table_4.csv
178.,Chloroquine,Oral Liquid 50 mg/5ml,1 ml,0.30,NPPA1_table_4.csv
179.,Chloroquine,Tablet 150mg,1 Tablet,1.18,NPPA1_table_4.csv
180.,Chlorpheniramine,Tablet 4 mg,1 Tablet,0.09,NPPA1_table_4.csv
181.,Cholecalciferol,Capsule 1000 IU,1 Capsule,4.76,NPPA1_table_4.csv
182.,Cholecalciferol,Capsule 60000 IU,1 Capsule,29.44,NPPA1_table_4.csv
183.,Cholecalciferol,Oral Liquid 400 IU/ml,1 ml,2.34,NPPA1_table_4.csv
184.,Cholecalciferol,Tablet 1000 IU,1 Tablet,3.74,NPPA1_table_4.csv
185.,Cholecalciferol,Tablet 60000 IU,1 Tablet,24.18,NPPA1_table_4.csv
186.,Ciprofloxacin,Ointment 0.3%,1 gm,1.13,NPPA1_table_4.csv
187.,Ciprofloxacin,Drops 0.30%,1 ml,1.52,NPPA1_table_4.csv
188.,Ciprofloxacin,Injection 200 mg/100ml,1 ml,0.17,NPPA1_table_4.csv
189.,Ciprofloxacin,Oral Liquid 250 mg/5ml,1 ml,0.63,NPPA1_table_4.csv
190.,Ciprofloxacin,Tablet 250mg,1 Tablet,2.07,NPPA1_table_4.csv
191.,Ciprofloxacin,Tablet 500mg,1 Tablet,3.64,NPPA1_table_4.csv
192.,Cisplatin,Injection 1 mg/ml,1 ml,6.87,NPPA1_table_4.csv
193.,Clarithromycin,Oral Liquid 125 mg/5ml,1 ml,4.30,NPPA1_table_4.csv
194.,Clarithromycin,Tablet 250 mg,1 Tablet,27.92,NPPA1_table_4.csv
195.,Clarithromycin,Tablet 500 mg,1 Tablet,49.21,NPPA1_table_4.csv
196.,Clindamycin,Capsule 150 mg,1 Capsule,14.43,NPPA1_table_4.csv
197.,Clindamycin,Capsule 300 mg,1 Capsule,23.56,NPPA1_table_4.csv
198.,Clindamycin,Tablet 300 mg,1 Tablet,15.20,NPPA1_table_4.csv
199.,Clobazam,Tablet 10 mg,1 Tablet,9.01,NPPA1_table_4.csv
200.,Clobazam,Tablet 5 mg,1 Tablet,5.12,NPPA1_table_4.csv
201.,Clofaziminea,Capsule 100 mg,1 Capsule,3.70,NPPA1_table_4.csv
202.,Clofazimine,Capsule 50 mg,1 Capsule,2.17,NPPA1_table_4.csv
203.,Clomiphene,Capsule 100 mg,1 Capsule,55.50,NPPA1_table_4.csv
204.,Clomiphene,Capsule 50 mg,1 Capsule,30.53,NPPA1_table_4.csv
205.,Clomiphene,Tablet 100mg,1 Tablet,12.18,NPPA1_table_4.csv
206.,Clomiphene,Tablet 50mg,1 Tablet,8.30,NPPA1_table_4.csv
207.,Clomipramine,Tablet 10 mg,1 Tablet,2.51,NPPA1_table_4.csv
208.,Clomipramine,Tablet 25 mg,1 Tablet,5.53,NPPA1_table_4.csv
209.,Clomipramine,Tablet 75 mg,1 Tablet,14.30,NPPA1_table_4.csv
210.,Clonazepam,Tablet 0.25 mg,1 Tablet,1.82,NPPA1_table_4.csv
211.,Clonazepam,Tablet 0.5 mg,1 Tablet,3.10,NPPA1_table_4.csv
212.,Clonazepam,Tablet 1 mg,1 Tablet,4.22,NPPA1_table_4.csv
213.,Clopidogrel,Tablet 75 mg,1 Tablet,6.93,NPPA1_table_4.csv
214.,Clotrimazole,Cream 1%,1 gm,2.90,NPPA1_table_4.csv
Sl No,Medicines,Dosage form and Strength,Unit,"Ceiling 
price",NPPA1_table_5.csv
(1),(2),(3),(4),(5),NPPA1_table_5.csv
215.,Clotrimazole,Drops 1%,1 ml,3.02,NPPA1_table_5.csv
216.,Clotrimazole,Lotion 1%,1 ml,3.57,NPPA1_table_5.csv
217.,Clotrimazole,Pessary 100 mg,1 Pessary,8.66,NPPA1_table_5.csv
218.,Cloxacillin,Capsule 250mg,1 Capsule,1.13,NPPA1_table_5.csv
219.,Cloxacillin,Capsule 500mg,1 Capsule,1.90,NPPA1_table_5.csv
220.,Cloxacillin,Tablet 250mg,1 Tablet,1.72,NPPA1_table_5.csv
221.,Cloxacillin,Powder for Injection250mg,Each Pack,4.43,NPPA1_table_5.csv
222.,Clozapine,Tablet 100 mg,1 Tablet,7.72,NPPA1_table_5.csv
223.,Clozapine,Tablet 25 mg,1 Tablet,2.51,NPPA1_table_5.csv
224.,Clozapine,Tablet 50 mg,1 Tablet,4.79,NPPA1_table_5.csv
225.,Coagulation factor IX,Powder for Injection 600 IU,Each Pack,12284.99,NPPA1_table_5.csv
226.,Coagulation factor VIII,Powder for Injection 250 IU,Each pack,3724.11,NPPA1_table_5.csv
227.,Coagulation factor VIII,Powder for Injection 500 IU,Each Pack,9138.70,NPPA1_table_5.csv
228.,Colchicine,Tablet 0.5 mg,1 Tablet,3.10,NPPA1_table_5.csv
229.,"Co-trimoxazole 
(Sulphamethoxazole 
(A)+Trimethoprim (B)]","Oral Liquid 200 mg(A)+40 
mg(B)/5ml",1 ml,0.33,NPPA1_table_5.csv
230.,"Co-trimoxazole 
(Sulphamethoxazole 
(A)+Trimethoprim (B)]",Tablet 400 mg(A)+80 mg(B),1 Tablet,0.78,NPPA1_table_5.csv
231.,"Co-trimoxazole 
(Sulphamethoxazole 
(A)+Trimethoprim (B)]","Tablet 800 mg(A)+160 
mg(B)",1 Tablet,2.02,NPPA1_table_5.csv
232.,Cyclophosphamide,Tablet 50 mg,1 Tablet,4.04,NPPA1_table_5.csv
233.,Cyclophosphamide,Powder for Injection 500 mg,Each Pack,79.58,NPPA1_table_5.csv
234.,Cycloserine,Capsule 250 mg,1 Capsule,54.13,NPPA1_table_5.csv
235.,Cycloserine,Tablet 250 mg,1 Tablet,46.54,NPPA1_table_5.csv
236.,Cyclosporine,Capsule 100 mg,1 Capsule,102.20,NPPA1_table_5.csv
237.,Cyclosporine,Capsule 25 mg,1 Capsule,27.43,NPPA1_table_5.csv
238.,Cyclosporine,Capsule 50 mg,1 Capsule,52.49,NPPA1_table_5.csv
239.,Cyclosporine,Injection 50 mg/ml,1 ml,268.93,NPPA1_table_5.csv
240.,Cyclosporine,Oral Liquid 100 mg/ml,1 ml,94.24,NPPA1_table_5.csv
241.,Cytosine arabinoside,Injection 100 mg/ml,Each Pack,198.09,NPPA1_table_5.csv
242.,Cytosine arabinoside,"Powder for Injection 1000 
mg",Each Pack,1068.41,NPPA1_table_5.csv
243.,Cytosine arabinoside,Powder for Injection 500 mg,Each Pack,510.65,NPPA1_table_5.csv
244.,Dacarbazine,Powder for Injection 200 mg,Each Pack,438.03,NPPA1_table_5.csv
245.,Dacarbazine,Powder for Injection 500 mg,Each Pack,988.15,NPPA1_table_5.csv
246.,Dapsone,Tablet 100 mg,1 Tablet,0.36,NPPA1_table_5.csv
247.,Darunavir,Tablet 600 mg,1 Tablet,166.43,NPPA1_table_5.csv
248.,Daunorubicin,"Powder for I.V. Injection 20 
mg  (5 mg/ml)",Each pack,242.47,NPPA1_table_5.csv
249.,Desferrioxamine,Powder for Injection 500mg,Each pack,160.34,NPPA1_table_5.csv
250.,Dexamethasone,Tablet 0.5 mg,1 Tablet,0.19,NPPA1_table_5.csv
251.,Dexamethasone,Injection 4 mg/ml,Each Pack (10 ml),13.73,NPPA1_table_5.csv
252.,Dexamethasone,Injection 4 mg/ml,Each Pack (2 ml),9.29,NPPA1_table_5.csv
253.,Dexamethasone,Injection 4 mg/ml,Each Pack (20 ml),26.32,NPPA1_table_5.csv
254.,Dexamethasone,Injection 4 mg/ml,Each Pack (30 ml),35.17,NPPA1_table_5.csv
255.,Dextran-40,Injection 10%,1 ml,0.85,NPPA1_table_5.csv
256.,Diazepam,Injection 5 mg/ml,1 ml,6.04,NPPA1_table_5.csv
257.,Diazepam,Oral Liquid 2 mg/5ml,1 ml,2.73,NPPA1_table_5.csv
258.,Diazepam,Suppository 5 mg,1 Suppository,5.96,NPPA1_table_5.csv
Sl No,Medicines,Dosage form and Strength,Unit,"Ceiling 
price",NPPA1_table_6.csv
(1),(2),(3),(4),(5),NPPA1_table_6.csv
259.,Diazepam,Tablet 2 mg,1 Tablet,1.50,NPPA1_table_6.csv
260.,Diazepam,Tablet 5 mg,1 Tablet,1.42,NPPA1_table_6.csv
261.,Diclofenac,Capsule 50 mg,1 Capsule,0.61,NPPA1_table_6.csv
262.,Diclofenac,Injection 25 mg/ml,1 ml,1.46,NPPA1_table_6.csv
263.,Diclofenac,Tablet 50 mg,1 Tablet,1.91,NPPA1_table_6.csv
264.,Dicyclomine,"Injection 10 mg/ml (10ml & 
30ml Pack)",1 ml,2.05,NPPA1_table_6.csv
265.,Dicyclomine,"Injection 10 mg/ml (1ml & 
2ml Pack)",1 ml,3.18,NPPA1_table_6.csv
266.,Dicyclomine,Oral Solution 10mg/5ml,1 ml,0.16,NPPA1_table_6.csv
267.,Dicyclomine,Tablet 10mg,1 Tablet,0.11,NPPA1_table_6.csv
268.,Diethylcarbamazine,Oral Liquid 120 mg/5ml,1 ml,0.49,NPPA1_table_6.csv
269.,Diethylcarbamazine,Tablet 100 mg,1 Tablet,1.41,NPPA1_table_6.csv
270.,Diethylcarbamazine,Tablet 50 mg,1 Tablet,0.56,NPPA1_table_6.csv
271.,Digoxin,Injection 0.25 mg/ml,1 ml,3.32,NPPA1_table_6.csv
272.,Digoxin,Oral liquid 0.05 mg/ml,1 ml,1.26,NPPA1_table_6.csv
273.,Digoxin,Tablet 0.25 mg,1 Tablet,1.19,NPPA1_table_6.csv
274.,Diloxanide furoate,Tablet 500mg,1 Tablet,1.05,NPPA1_table_6.csv
275.,Diltiazem,Capsule 90 mg,1 Capsule,9.58,NPPA1_table_6.csv
276.,Diltiazem,Injection 5 mg/ml,1 ml,3.15,NPPA1_table_6.csv
277.,Diltiazem,SR Tablet 90 mg,1 Tablet,9.30,NPPA1_table_6.csv
278.,Diltiazem,Tablet 30 mg,1 Tablet,2.39,NPPA1_table_6.csv
279.,Diltiazem,Tablet 60 mg,1 Tablet,4.87,NPPA1_table_6.csv
280.,Dimercaprol,Injection 50 mg/ml,1 ml,199.55,NPPA1_table_6.csv
281.,Dinoprostone,Gel 0.5 mg,1 gm,80.83,NPPA1_table_6.csv
282.,Dinoprostone,Tablet 0.5mg,1 Tablet,49.90,NPPA1_table_6.csv
283.,Diphtheria antitoxin,10000 IU,Each Pack,1306.76,NPPA1_table_6.csv
284.,Dobutamine,Injection 50 mg/ml,Each Pack,37.39,NPPA1_table_6.csv
285.,Docetaxel,Powder for Injection 20 mg,Each Pack,2984.59,NPPA1_table_6.csv
286.,Docetaxel,Powder for Injection 80 mg,Each Pack,11347.62,NPPA1_table_6.csv
287.,Domperidone,Oral Liquid 1 mg/ml,1 ml,1.07,NPPA1_table_6.csv
288.,Domperidone,Tablet 10 mg,1 Tablet,2.41,NPPA1_table_6.csv
289.,Donepezil,Tablet 10 mg,1 Tablet,16.00,NPPA1_table_6.csv
290.,Donepezil,Tablet 5 mg,1 Tablet,11.21,NPPA1_table_6.csv
291.,Dopamine,Injection 40 mg/ml,1 ml,5.63,NPPA1_table_6.csv
292.,Doxorubicin,Injection 2 mg/ml,1 ml,35.80,NPPA1_table_6.csv
293.,Doxycycline,Capsule 100 mg,1 Capsule,2.50,NPPA1_table_6.csv
294.,Doxycycline,Tablet 100 mg,1 Tablet,0.97,NPPA1_table_6.csv
295.,DPT + Hib + Hep B vaccine,,Per 0.1 ml,80.08,NPPA1_table_6.csv
296.,DPT vaccine,,Per 0.5 ml,14.12,NPPA1_table_6.csv
297.,Efavirenz,Capsule 200 mg,1 Capsule,24.00,NPPA1_table_6.csv
298.,Efavirenz,Capsule 600 mg,1 Capsule,62.54,NPPA1_table_6.csv
299.,Efavirenz,Tablet 200 mg,1 Tablet,22.61,NPPA1_table_6.csv
300.,Efavirenz,Tablet 600 mg,1 Tablet,70.81,NPPA1_table_6.csv
301.,Enalapril,Tablet 2.5 mg,1 Tablet,1.93,NPPA1_table_6.csv
302.,Enalapril,Tablet 5 mg,1 Tablet,3.20,NPPA1_table_6.csv
303.,Enoxaparin,Injection 40 mg/0.4ml,0.1 ml,101.35,NPPA1_table_6.csv
304.,Enoxaparin,Injection 60 mg/0.6ml,0.1 ml,101.35,NPPA1_table_6.csv
305.,Entecavir,Tablet 0.5 mg,1 Tablet,79.55,NPPA1_table_6.csv
306.,Entecavir,Tablet 1 mg,1 Tablet,126.40,NPPA1_table_6.csv
307.,Erythropoietin,Injection 10000 IU/ml,Each pack,2593.87,NPPA1_table_6.csv
308.,Erythropoietin,Injection 2000 IU/ml,Each pack,614.36,NPPA1_table_6.csv
Sl No,Medicines,Dosage form and Strength,Unit,"Ceiling 
price",NPPA1_table_7.csv
(1),(2),(3),(4),(5),NPPA1_table_7.csv
309.,Escitalopram,Tablet 10 mg,1 Tablet,8.08,NPPA1_table_7.csv
310.,Escitalopram,Tablet 20 mg,1 Tablet,12.76,NPPA1_table_7.csv
311.,Escitalopram,Tablet 5 mg,1 Tablet,4.55,NPPA1_table_7.csv
312.,Esmolol,Injection 10mg/ml,1 ml,21.60,NPPA1_table_7.csv
313.,Ethambutol,Tablet 200 mg,1 Tablet,1.05,NPPA1_table_7.csv
314.,Ethambutol,Tablet 400 mg,1 Tablet,2.39,NPPA1_table_7.csv
315.,Ethambutol,Tablet 600 mg,1 Tablet,3.53,NPPA1_table_7.csv
316.,Ethambutol,Tablet 800 mg,1 Tablet,4.22,NPPA1_table_7.csv
317.,Ethinylestradiol,Tablet 0.01 mg,1 Tablet,2.34,NPPA1_table_7.csv
318.,Ethinylestradiol,Tablet 0.05 mg,1 Tablet,3.74,NPPA1_table_7.csv
319.,"Ethinylestradiol (A) + 
Levonorgestrel (B)","Tablet 0.03 mg(A) + 0.15 
mg(B)",1 Tablet,3.44,NPPA1_table_7.csv
320.,Ethionamide,Tablet 250 mg,1 Tablet,15.74,NPPA1_table_7.csv
321.,Ethyl Alcohol (Denatured),Solution 70%,1 ml,0.42,NPPA1_table_7.csv
322.,Etoposide,Capsule 50 mg,1 Capsule,54.21,NPPA1_table_7.csv
323.,Etoposide,Injection 20 mg/ml,1 ml,35.75,NPPA1_table_7.csv
324.,Fentanyl,Injection 50mcg/ml,1 ml,22.64,NPPA1_table_7.csv
325.,"Ferrous Salt (A) + Folic Acid 
(B)","Tablet 100mg elemental iron 
(A) + 500mcg (B)",1 Tablet,0.23,NPPA1_table_7.csv
326.,Filgrastim,Injection 300 mcg,Each pack,1368.29,NPPA1_table_7.csv
327.,Fluconazole,Capsule 100 mg,1 Capsule,25.19,NPPA1_table_7.csv
328.,Fluconazole,Capsule 150 mg,1 Capsule,18.49,NPPA1_table_7.csv
329.,Fluconazole,Capsule 200 mg,1 Capsule,36.40,NPPA1_table_7.csv
330.,Fluconazole,Oral Liquid 50mg/5ml,1 ml,2.61,NPPA1_table_7.csv
331.,Fluconazole,Tablet 100 mg,1 Tablet,7.96,NPPA1_table_7.csv
332.,Fluconazole,Tablet 150 mg,1 Tablet,11.81,NPPA1_table_7.csv
333.,Fluconazole,Tablet 200 mg,1 Tablet,18.73,NPPA1_table_7.csv
334.,Fluconazole,Tablet 400 mg,1 Tablet,31.15,NPPA1_table_7.csv
335.,Fluconazole,Injection 200 mg/100 ml,Each Pack,106.11,NPPA1_table_7.csv
336.,Flunarizine,Tablet 10 mg,1 Tablet,4.72,NPPA1_table_7.csv
337.,Flunarizine,Tablet 5 mg,1 Tablet,2.75,NPPA1_table_7.csv
338.,Fluoxetine,Capsule 10 mg,1 Capsule,2.96,NPPA1_table_7.csv
339.,Fluoxetine,Capsule 20 mg,1 Capsule,3.64,NPPA1_table_7.csv
340.,Fluoxetine,Capsule 40 mg,1 Capsule,5.52,NPPA1_table_7.csv
341.,Fluoxetine,Capsule 60 mg,1 Capsule,9.76,NPPA1_table_7.csv
342.,Fluoxetine,Tablet 10 mg,1 Tablet,2.49,NPPA1_table_7.csv
343.,Fluoxetine,Tablet 20 mg,1 Tablet,3.95,NPPA1_table_7.csv
344.,Fluoxetine,Tablet 40 mg,1 Tablet,5.32,NPPA1_table_7.csv
345.,Fluoxetine,Tablet 60 mg,1 Tablet,7.38,NPPA1_table_7.csv
346.,Fluphenazine,Depot Injection 25 mg/ml,1 ml,49.88,NPPA1_table_7.csv
347.,Folic Acid,Capsule 5 mg,1 Capsule,5.62,NPPA1_table_7.csv
348.,Folic Acid,Tablet 5 mg,1 Tablet,1.39,NPPA1_table_7.csv
349.,Furosemide,Oral liquid 10 mg/ml,1 ml,2.76,NPPA1_table_7.csv
350.,Furosemide,Tablet 40 mg,1 Tablet,0.75,NPPA1_table_7.csv
351.,Furosemide,Injection 10mg/ml,1 ml,2.48,NPPA1_table_7.csv
352.,Fusidic acid,Cream 2%,1 gm,9.10,NPPA1_table_7.csv
353.,Gadobenate,Injection 529 mg/ml,1 ml,108.67,NPPA1_table_7.csv
354.,Ganciclovir,Capsule 250 mg,1 Capsule,119.87,NPPA1_table_7.csv
355.,Ganciclovir,Powder for Injection 500 mg,Each Pack,1682.65,NPPA1_table_7.csv
356.,Gefitinib,Tablet 250 mg,1 Tablet,427.35,NPPA1_table_7.csv
357.,Gemcitabine,Powder for Injection 1 gm,Each Pack,5289.73,NPPA1_table_7.csv
358.,Gemcitabine,Powder for Injection 200mg,Each Pack,1168.23,NPPA1_table_7.csv
Sl No,Medicines,Dosage form and Strength,Unit,"Ceiling 
price",NPPA1_table_8.csv
(1),(2),(3),(4),(5),NPPA1_table_8.csv
359.,Gentamicin,Drops 0.3%,1 ml,0.91,NPPA1_table_8.csv
360.,Gentamicin,Injection 10 mg/ml,1 ml,3.17,NPPA1_table_8.csv
361.,Gentamicin,Injection 40 mg/ml,Each Pack (10 ml),17.91,NPPA1_table_8.csv
362.,Gentamicin,Injection 40 mg/ml,Each Pack (2 ml),8.39,NPPA1_table_8.csv
363.,Gentamicin,Injection 40 mg/ml,Each Pack (20 ml),27.15,NPPA1_table_8.csv
364.,Gentamicin,Injection 40 mg/ml,Each Pack (30 ml),29.72,NPPA1_table_8.csv
365.,Glimepiride,Tablet 1 mg,1 Tablet,3.58,NPPA1_table_8.csv
366.,Glimepiride,Tablet 2 mg,1 Tablet,5.69,NPPA1_table_8.csv
367.,Glucose,Injection 25%,1 ml,0.17,NPPA1_table_8.csv
368.,Glucose,Injection 50%,1 ml,0.49,NPPA1_table_8.csv
369.,Glucose,Injection 5%,1000ml Glass,64.04,NPPA1_table_8.csv
370.,Glucose,Injection 5%,"1000ml Non-
Glass",51.69,NPPA1_table_8.csv
371.,Glucose,Injection 5%,100ml Glass,17.97,NPPA1_table_8.csv
372.,Glucose,Injection 5%,100ml Non-Glass,16.27,NPPA1_table_8.csv
373.,Glucose,Injection 5%,250ml Glass,24.84,NPPA1_table_8.csv
374.,Glucose,Injection 5%,250ml Non-Glass,22.44,NPPA1_table_8.csv
375.,Glucose,Injection 5%,500ml Glass,35.25,NPPA1_table_8.csv
376.,Glucose,Injection 5%,500ml Non-Glass,30.42,NPPA1_table_8.csv
377.,Glucose,Injection 10%,"Each Pack (1000 
ml)",25.75,NPPA1_table_8.csv
378.,Glucose,Injection 10%,"Each Pack (500 
ml)",28.01,NPPA1_table_8.csv
379.,"Glucose (A) + Sodium 
Chloride (B)",Injection 5% (A) + 0.9% (B),1000ml Glass,64.45,NPPA1_table_8.csv
380.,"Glucose (A) + Sodium 
Chloride (B)",Injection 5% (A) + 0.9% (B),"1000ml Non-
Glass",52.08,NPPA1_table_8.csv
381.,"Glucose (A) + Sodium 
Chloride (B)",Injection 5% (A) + 0.9% (B),100ml Glass,18.02,NPPA1_table_8.csv
382.,"Glucose (A) + Sodium 
Chloride (B)",Injection 5% (A) + 0.9% (B),100ml Non-Glass,16.29,NPPA1_table_8.csv
383.,"Glucose (A) + Sodium 
Chloride (B)",Injection 5% (A) + 0.9% (B),250ml Glass,24.94,NPPA1_table_8.csv
384.,"Glucose (A) + Sodium 
Chloride (B)",Injection 5% (A) + 0.9% (B),250ml Non-Glass,22.52,NPPA1_table_8.csv
385.,"Glucose (A) + Sodium 
Chloride (B)",Injection 5% (A) + 0.9% (B),500ml Glass,35.43,NPPA1_table_8.csv
386.,"Glucose (A) + Sodium 
Chloride (B)",Injection 5% (A) + 0.9% (B),500ml Non-Glass,30.61,NPPA1_table_8.csv
387.,Glutaraldehyde,Solution 2%,1 ml,0.06,NPPA1_table_8.csv
388.,Glycerin,Oral Liquid,1 ml,0.15,NPPA1_table_8.csv
389.,Glyceryl Trinitrate,Injection 5 mg/ml,1 ml,6.54,NPPA1_table_8.csv
390.,Glyceryl Trinitrate,Sublingual Tablet 0.5 mg,1 Tablet,1.80,NPPA1_table_8.csv
391.,Glycopyrrolate,Injection 0.2 mg/ml,1 ml,12.25,NPPA1_table_8.csv
392.,Griseofulvin,Tablet 125mg,1 Tablet,0.82,NPPA1_table_8.csv
393.,Griseofulvin,Tablet 250 mg,1 Tablet,1.59,NPPA1_table_8.csv
394.,Griseofulvin,Tablet 375 mg,1 Tablet,4.29,NPPA1_table_8.csv
395.,Haemodialysis fluid,As license,1 ml,0.04,NPPA1_table_8.csv
396.,Haloperidol,Injection 5 mg/ml,1 ml,5.81,NPPA1_table_8.csv
397.,Haloperidol,Oral Liquid 2 mg/ 5ml,1 ml,2.05,NPPA1_table_8.csv
398.,Haloperidol,Tablet 1.5 mg,1 Tablet,1.65,NPPA1_table_8.csv
399.,Haloperidol,Tablet 10 mg,1 Tablet,4.4,NPPA1_table_8.csv
400.,Haloperidol,Tablet 20 mg,1 Tablet,4.91,NPPA1_table_8.csv
Sl No,Medicines,Dosage form and Strength,Unit,"Ceiling 
price",NPPA1_table_9.csv
(1),(2),(3),(4),(5),NPPA1_table_9.csv
401.,Haloperidol,Tablet 5 mg,1 Tablet,3.43,NPPA1_table_9.csv
402.,Halothane,Inhalation,1 ml,5.84,NPPA1_table_9.csv
403.,Heparin,Injection 1000 IU/ml,1 ml,24.39*,NPPA1_table_9.csv
404.,Heparin,Injection 5000 IU/ml,1 ml,60.54*,NPPA1_table_9.csv
405.,Hepatitis B immunoglobulin,,Each Pack,5492.20,NPPA1_table_9.csv
406.,Hepatitis B vaccine,,1 ml,78.08,NPPA1_table_9.csv
407.,Homatropine,Drops 2%,1 ml,6.19,NPPA1_table_9.csv
408.,Hormone releasing IUD,"Contains 52 mgof 
Levonorgestrel",1 IUD,3856.86,NPPA1_table_9.csv
409.,"Human chorionic 
Gonadotropin",Injection 1000 IU,Each Pack,211.90,NPPA1_table_9.csv
410.,"Human chorionic 
Gonadotropin",Injection 5000 IU,Each Pack,416.14,NPPA1_table_9.csv
411.,"Human Normal 
Immunoglobulin",Solution for infusion 5%,1 ml,153.82,NPPA1_table_9.csv
412.,"Human Normal 
Immunoglobulin",Solution for infusion 10%,1 ml,208.26,NPPA1_table_9.csv
413.,Hydrochlorothiazide,Tablet 12.5 mg,1 Tablet,0.98,NPPA1_table_9.csv
414.,Hydrochlorothiazide,Tablet 25 mg,1 Tablet,1.68,NPPA1_table_9.csv
415.,Hydrochlorothiazide,Tablet 50 mg,1 Tablet,0.08,NPPA1_table_9.csv
416.,Hydrocortisone,Tablet 10 mg,1 Tablet,5.87,NPPA1_table_9.csv
417.,Hydrocortisone,Tablet 5 mg,1 Tablet,3.02,NPPA1_table_9.csv
418.,Hydrocortisone,Injection 100 mg,Each Pack,38.80,NPPA1_table_9.csv
419.,Hydrocortisone,Injection 200 mg,Each Pack,59.82,NPPA1_table_9.csv
420.,Hydrocortisone,Powder for Injection 100 mg,Each Pack,38.80,NPPA1_table_9.csv
421.,Hydrogen peroxide,Solution 6%,1 ml,0.04,NPPA1_table_9.csv
422.,Hydroxychloroquine,Tablet 200 mg,1 Tablet,5.91,NPPA1_table_9.csv
423.,Hydroxychloroquine,Tablet 400 mg,1 Tablet,11.91,NPPA1_table_9.csv
424.,"Hydroxypropyl 
methylcellulose",Injection 2%,1 ml,37.39,NPPA1_table_9.csv
425.,Hydroxyurea,Capsule 500 mg,1 Capsule,12.78,NPPA1_table_9.csv
426.,Hyoscine butylbromide,Injection 20 mg/ml,1 ml,10.40,NPPA1_table_9.csv
427.,Hyoscine Butylbromide,Tablet 10 mg,1 Tablet,2.96,NPPA1_table_9.csv
428.,Ibuprofen,Capsule 400 mg,1 Capsule,1.05,NPPA1_table_9.csv
429.,Ibuprofen,Capsule 200 mg,"1 soft gelatin 
capsule",2.67,NPPA1_table_9.csv
430.,Ibuprofen,Tablet 200 mg,1 Tablet,0.39,NPPA1_table_9.csv
431.,Ibuprofen,Tablet 400 mg,1 Tablet,0.69,NPPA1_table_9.csv
432.,Ibuprofen,Oral Liquid 100mg/5ml,1 ml,0.19,NPPA1_table_9.csv
433.,Ifosfamide,Powder for Injection 1g,Each Pack,360.78,NPPA1_table_9.csv
434.,Ifosfamide,Powder for Injection 2g,Each Pack,947.01,NPPA1_table_9.csv
435.,Imatinib,Capsule 100 mg,1 Capsule,77.40,NPPA1_table_9.csv
436.,Imatinib,Capsule 400 mg,1 Capsule,254.67,NPPA1_table_9.csv
437.,Imatinib,Tablet 100 mg,1 Tablet,79.19,NPPA1_table_9.csv
438.,Imatinib,Tablet 400 mg,1 Tablet,229.24,NPPA1_table_9.csv
439.,Insulin (Soluble),Injection 40 IU/ml,1 ml,15.01,NPPA1_table_9.csv
440.,"Intermediate Acting (NPH) 
Insulin",Injection 40 IU/ml,1 ml,15.01,NPPA1_table_9.csv
441.,Iohexol,Injection 300mgiodine/ml,1 ml,16.58,NPPA1_table_9.csv
442.,Ipratropium,"Inhalation (MDI/DPI) 20 
mcg/dose",1 Dose,0.61,NPPA1_table_9.csv
443.,Ipratropium,"Respirator solution for use in 
Nebulizer 250 mcg/ml",1 ml,2.53,NPPA1_table_9.csv
