medicine_name,salt_composition,dosage,unit,nppa_ceiling_price
5-Fluorouracil,5-Fluorouracil,Injection 250 mg/5 ml,1 ml,2.33
5-aminosalicylic Acid,5-aminosalicylic Acid,Suppository 500 mg Retention Enema,1 Suppository,16.86
5-aminosalicylic Acid,5-aminosalicylic Acid,Tablet 400 mg,1 Tablet,7.45
6-Mercaptopurine,6-Mercaptopurine,Tablet 50mg,1 Tablet,6.44
Abacavir,Abacavir,Tablet 300 mg,1 Tablet,47.02
Abacavir (A) + Lamivudine (B),Abacavir (A) + Lamivudine (B),Tablet 60 mg(A) + 30 mg(B),1 Tablet,20.02
Abacavir (A) + Lamivudine (B),Abacavir (A) + Lamivudine (B),Tablet 600 mg(A)+ 300 mg(B),1 Tablet,90.86
Acetazolamide,Acetazolamide,Tablet 250 mg,1 Tablet,3.65
Acetazolamide,Acetazolamide,Capsule 250 mg,1 Capsule,4.51
Acetyl Salicylic Acid,Acetyl Salicylic Acid,Tablet 300mg,1 Tablet,0.22566
Acetylsalicylic acid,Acetylsalicylic acid,Tablet 75 mg,1 Tablet,0.31
Acetylsalicylic acid,Acetylsalicylic acid,Effervescent/ Dispersible/ Enteric coated Tablet 100 mg,1 Tablet,0.18
Acetylsalicylic acid,Acetylsalicylic acid,Effervescent/ Dispersible/ Enteric coated Tablet 150 mg,1 Tablet,1.2
Acetylsalicylic acid,Acetylsalicylic acid,Effervescent/ Dispersible/ Enteric coated Tablet 75 mg,1 Tablet,1.22
Acetylsalicylic acid,Acetylsalicylic acid,Tablet 100 mg,1 Tablet,0.17
Acetylsalicylic acid,Acetylsalicylic acid,Tablet 150 mg,1 Tablet,0.41
Acetylsalicylic acid,Acetylsalicylic acid,Tablet 325mg,1 Tablet,0.55
Acetylsalicylic acid,Acetylsalicylic acid,Tablet 350mg,1 Tablet,0.31
Actinomycin D,Actinomycin D,Powder for Injection 0.5mg,Each Pack,316.2
Acyclovir,Acyclovir,Oral Liquid 400 mg/5ml,1 ml,1.26
Acyclovir,Acyclovir,Tablet 200 mg,1 Tablet,6.75
Acyclovir,Acyclovir,Tablet 400 mg,1 Tablet,12.27
Acyclovir,Acyclovir,Powder for Injection 250 mg,Each Pack,354.27
Acyclovir,Acyclovir,Powder for Injection 500 mg,Each Pack,457.58
Acyclovir,Acyclovir,Ointment 3%,1 gm,10.38
Adenosine,Adenosine,Injection 3mg/ml,1 ml,98.17
Adrenaline,Adrenaline,Injection 1 mg/ml,1 ml,15.61
Albendazole,Albendazole,Tablet 400 mg,1 Tablet,7.68
Albendazole,Albendazole,Oral Liquid 200 mg/5ml,1 ml,1.59
All-trans Retinoic Acid,All-trans Retinoic Acid,Capsule 10 mg,1 Capsule,81.56
Allopurinol,Allopurinol,Tablet 100 mg,1 Tablet,1.9
Allopurinol,Allopurinol,Tablet 300 mg,1 Tablet,7.46
Alprostadil,Alprostadil,Injection 0.5 mg/ml,1 ml,5646.64
Alteplase,Alteplase,Powder for Injection 20 mg,Each Pack,18938.45
Alteplase,Alteplase,Powder for Injection 50 mg,Each Pack,39541.63
Amiodarone,Amiodarone,Tablet 200 mg,1 Tablet,11.29
Amiodarone,Amiodarone,Tablet 100 mg,1 Tablet,5.7
Amiodarone,Amiodarone,Injection 50 mg/ml,1 ml,22.24
Amitriptyline,Amitriptyline,Tablet 75 mg,1 Tablet,5.59
Amitriptyline,Amitriptyline,Tablet 10 mg,1 Tablet,2.28
Amitriptyline,Amitriptyline,Tablet 25 mg,1 Tablet,2.25
Amitriptyline,Amitriptyline,Tablet 50 mg,1 Tablet,5.79
Amlodipine,Amlodipine,Tablet 10 mg,1 Tablet,5.05
Amlodipine,Amlodipine,Tablet 2.5 mg,1 Tablet,1.65
Amlodipine,Amlodipine,Tablet 5mg,1 Tablet,2.6
Amoxicillin,Amoxicillin,Capsule 250 mg,1 Capsule,2.2
Amoxicillin,Amoxicillin,Capsule 500mg,1 Capsule,6.44
Amoxicillin,Amoxicillin,Oral Liquid 250 mg/5ml,1 ml,1.34
Amoxicillin (A) + Clavulanic acid (B),Amoxicillin (A) + Clavulanic acid (B),Dry Syrup 125 mg(A) + 31.25 (B)/5 ml,1 ml,2.16
Amoxicillin (A) + Clavulanic acid (B),Amoxicillin (A) + Clavulanic acid (B),Oral Liquid 200 mg(A) + 28.5 mg(B)/5ml,1 ml,1.8
Amoxicillin (A) + Clavulanic acid (B),Amoxicillin (A) + Clavulanic acid (B),Powder for Injection 500 mg(A) + 100 mg(B),Each Pack,89.76
Amoxicillin (A) +Clavulanic acid (B),Amoxicillin (A) +Clavulanic acid (B),Tablet 500mg(A) +125mg(B),1 Tablet,17.91
Amoxicillin (A) +Clavulanic acid (B),Amoxicillin (A) +Clavulanic acid (B),Powder for Injection 1g (A) +200mg(B),Each Pack,125.22
Amphotericin B (Lipid),Amphotericin B (Lipid),Powder for Injection 50 mg,Each Pack,3195.93
Amphotericin B (Liposomal),Amphotericin B (Liposomal),Powder for Injection 50 mg,Each Pack,7444.31
Amphotericin B – Conventional,Amphotericin B – Conventional,Powder for Injection 50 mg,Each Pack,308.82
Ampicillin,Ampicillin,Powder for Injection 500 mg,Each Pack,13.11
Ampicillin,Ampicillin,Powder for Injection 1 gm,Each Pack,21.28
Anti-D Immunoglobulin,Anti-D Immunoglobulin,Injection 150mcg,Each Vial,1658.9
Anti-D immunoglobulin,Anti-D immunoglobulin,Injection 300mcg,Each Pack,2128.25
Anti-rabies immunoglobulin,Anti-rabies immunoglobulin,Injection 150 IU/ml,1 ml,2766.21
Anti-rabies immunoglobulin,Anti-rabies immunoglobulin,Injection 300 IU/ml,1 ml,97.52
Anti-tetanus immunoglobulin,Anti-tetanus immunoglobulin,250IU,Each Pack,1108.05
Arsenic Trioxide,Arsenic Trioxide,Injection 1mg/ml,1 ml,54.14
Artemether (A) + Lumefantrine (B),Artemether (A) + Lumefantrine (B),Oral Liquid 80 mg(A) +480 mg(B) /5ml,1 ml,4.02
Artemether (A) + Lumefantrine (B),Artemether (A) + Lumefantrine (B),Tablet 20 mg(A) + 120 mg(B),1 Tablet,12.48
Artemether (A) + Lumefantrine (B),Artemether (A) + Lumefantrine (B),Tablet 40 mg(A) + 240 mg(B),1 Tablet,16.09
Artemether (A) + Lumefantrine (B),Artemether (A) + Lumefantrine (B),Tablet 80 mg(A) + 480 mg(B),1 Tablet,23.1
Artesunate,Artesunate,Powder for Injection 120 mg,Each Pack,414.9
Artesunate,Artesunate,Powder for Injection 60 mg,Each Pack,217.93
Artesunate (A) + Sulphadoxine - Pyrimethamine (B),Artesunate (A) + Sulphadoxine - Pyrimethamine (B),1 Tablet 50 mg(A) + 1 Tablet (500 mg+ 25 mg) (B),Combi Pack,21.16
Artesunate (A) + Sulphadoxine - Pyrimethamine (B),Artesunate (A) + Sulphadoxine - Pyrimethamine (B),Tablet 25 mg(A) + 1 Tablet (250 mg+ 12.5 mg) (B),Combi pack,19.6
Artesunate (A) + Sulphadoxine - Pyrimethamine (B),Artesunate (A) + Sulphadoxine - Pyrimethamine (B),Tablet 200 mg(A) + 2 Tablet (750 mg+ 37.5 mg) (B),Combi pack,36.4
Artesunate (A) + Sulphadoxine - Pyrimethamine (B),Artesunate (A) + Sulphadoxine - Pyrimethamine (B),Tablet 150 mg(A) + 2 Tablet (500 mg+ 25 mg) (B),Combi pack,39.93
Artesunate (A) + Sulphadoxine - Pyrimethamine (B),Artesunate (A) + Sulphadoxine - Pyrimethamine (B),Tablet 100 mg(A) + 1 Tablet (750 mg+ 37.5 mg) (B),Combi pack,29.41
Ascorbic Acid (Vitamin C),Ascorbic Acid (Vitamin C),Tablet 100mg,1 Tablet,0.19
Ascorbic Acid (Vitamin C),Ascorbic Acid (Vitamin C),Tablet 500 mg,1 Tablet,1.37
Atazanavir (A) + Ritonavir (B),Atazanavir (A) + Ritonavir (B),Tablet 300 mg(A) + 100 mg(B),1 Tablet,98.43
Atenolol,Atenolol,Tablet 100 mg,1 Tablet,3.47
Atenolol,Atenolol,Tablet 50 mg,1 Tablet,1.78
Atorvastatin,Atorvastatin,Tablet 40 mg,1 Tablet,19.24
Atorvastatin,Atorvastatin,Tablet 10 mg,1 Tablet,5.47
Atorvastatin,Atorvastatin,Tablet 20 mg,1 Tablet,13.25
Atracurium,Atracurium,Injection 10 mg/ml,Each Pack,52.27
Atropine,Atropine,Ointment 1%,1 gm,3.77
Atropine,Atropine,Injection 0.6 mg/ml,1 ml,4.18
Atropine,Atropine,Drops 1%,1 ml,3.42
Azathioprine,Azathioprine,Tablet 50 mg,1 Tablet,10.12
Azithromycin,Azithromycin,Powder for Injection 500mg,Each Pack,191.7
Azithromycin,Azithromycin,Tablet 500mg,1 Tablet,21.23
Azithromycin,Azithromycin,Capsule 500 mg,1 Capsule,16.53
Azithromycin,Azithromycin,Oral Liquid 200 mg/5ml,1 ml,3.07
Azithromycin,Azithromycin,Capsule 250 mg,1 Capsule,10.47
Azithromycin,Azithromycin,Tablet 250mg,1 Tablet,10.52
BCG vaccine,BCG vaccine,,Each Dose,8.91
Baclofen,Baclofen,Tablet 10 mg,1 Tablet,10.72
Baclofen,Baclofen,Tablet 20 mg,1 Tablet,14.75
Baclofen,Baclofen,Tablet 5 mg,1 Tablet,5.52
Benzathine benzylpenicillin,Benzathine benzylpenicillin,Powder for Injection 12 lac units,Each Pack,18.18
Benzathine benzylpenicillin,Benzathine benzylpenicillin,Powder for Injection 6 lac units,Each Pack,12.03
Benzoyl Peroxide,Benzoyl Peroxide,Cream 2.5%,1 gm,2.33
Benzoyl Peroxide,Benzoyl Peroxide,Gel 2.5%,1 gm,3.74
Benzyl penicillin,Benzyl penicillin,Powder for Injection 10 Lac Units,Each Pack,7.78
Betamethasone,Betamethasone,Lotion 0.5%,1 ml,0.53
Betamethasone,Betamethasone,Lotion 0.1%,1 ml,0.82
Betamethasone,Betamethasone,Injection 4 mg/ml,1 ml,4.19
Betamethasone,Betamethasone,Cream 0.1%,1 gm,0.84
Betamethasone,Betamethasone,Gel 0.05%,1 gm,0.53
Betamethasone,Betamethasone,Cream 0.05%,1 gm,0.58
Bicalutamide,Bicalutamide,Tablet 50 mg,1 Tablet,68.41
Bisacodyl,Bisacodyl,Suppository 5 mg,1 Suppository,8.41
Bisacodyl,Bisacodyl,Tablet 5 mg,1 Tablet,1.0
Bleomycin,Bleomycin,Powder for Injection 15 Units,Each Pack,618.94
Bortezomib,Bortezomib,Powder for Injection 2 mg,Each Pack,12263.1
Budesonide,Budesonide,Inhalation (DPI) 100 mcg/dose,Per Dose,1.99
Budesonide,Budesonide,Inhalation (MDI) 200 mcg/dose,Per metered Dose,1.57
Budesonide,Budesonide,Inhalation (MDI) 100 mcg/dose,Per Metered Dose,1.26
Budesonide,Budesonide,Inhalation (DPI) 200 mcg/dose,Per Dose,2.88
Budesonide,Budesonide,Respiratory Solution for use in Nebulizer 0.5 mg/ml,1 ml,10.68
Budesonide,Budesonide,Nasal Spray 50 mcg/dose,1 Dose,1.01
Budesonide,Budesonide,Nasal Spray 100 mcg/dose,1 Dose,0.91
Budesonide,Budesonide,Respiratory Solution for use in Nebulizer 1 mg/ml,1 ml,12.88
Budesonide (A)+ Formoterol (B),Budesonide (A)+ Formoterol (B),Inhalation (DPI) 200 mcg (A) + 6 mcg (B),Per Dose,5.02
Budesonide (A)+ Formoterol (B),Budesonide (A)+ Formoterol (B),Inhalation (DPI) 100 mcg (A) + 6 mcg (B),Per Dose,3.78
Budesonide (A)+ Formoterol (B),Budesonide (A)+ Formoterol (B),Inhalation (MDI) 400 mcg (A) + 6 mcg (B),Per Metered Dose,3.04
Budesonide (A)+ Formoterol (B),Budesonide (A)+ Formoterol (B),Inhalation (MDI) 200 mcg (A) + 6 mcg (B),Per Metered Dose,2.67
Budesonide (A)+ Formoterol (B),Budesonide (A)+ Formoterol (B),Inhalation (DPI) 400 mcg (A) + 6 mcg (B),Per Dose,6.42
Budesonide (A)+ Formoterol (B),Budesonide (A)+ Formoterol (B),Inhalation (MDI) 100 mcg (A) + 6 mcg (B),Per Metered Dose,1.88
Bupivacaine,Bupivacaine,Injection 0.25%,1 ml,2.45
Bupivacaine,Bupivacaine,Injection 0.5% with 7.5% glucose,1 ml,6.19
Bupivacaine,Bupivacaine,Injection 0.50%,1 ml,3.91
Caffeine,Caffeine,Injection 20 mg/ml,1 ml,250.27
Caffeine,Caffeine,Oral Liquid 20 mg/ml,1 ml,212.56
Calamine,Calamine,Lotion (As per IP),1 ml,0.85
Calcium Carbonate,Calcium Carbonate,Tablet 500mg,1 Tablet,1.72
Calcium carbonate,Calcium carbonate,Tablet 250 mg,1 Tablet,1.95
Calcium folinate,Calcium folinate,Tablet 15 mg,1 Tablet,40.67
Calcium gluconate,Calcium gluconate,Injection 100 mg/ml,1 ml,0.55
Capecitabine,Capecitabine,Tablet 500 mg,1 Tablet,126.01
Capreomycin,Capreomycin,Powder for Injection 1 gm,Each Pack,345.37
Carbamazepine,Carbamazepine,Tablet 100 mg,1 Tablet,0.68
Carbamazepine,Carbamazepine,Tablet 200 mg,1 Tablet,1.39
Carbamazepine,Carbamazepine,CR Tablet 400 mg,1 Tablet,3.05
Carbamazepine,Carbamazepine,Tablet 400 mg,1 Tablet,3.29
Carbamazepine,Carbamazepine,Oral Liquid 100 mg/5ml,1 ml,0.19
Carbamazepine,Carbamazepine,CR Tablet 200 mg,1 Tablet,1.55
Carbimazole,Carbimazole,Tablet 10 mg,1 Tablet,3.69
Carbimazole,Carbimazole,Tablet 5 mg,1 Tablet,1.9
Carboplatin,Carboplatin,Injection 10 mg/ml,1 ml,53.06
Carboxymethylcellulose,Carboxymethylcellulose,Drops 0.5%,1 ml,12.74
Carboxymethylcellulose,Carboxymethylcellulose,Drops 1%,1 ml,17.66
Cefadroxil,Cefadroxil,Capsule 500 mg,1 Capsule,7.13
Cefadroxil,Cefadroxil,Oral Liquid 125 mg/5ml,1 ml,0.63
Cefadroxil,Cefadroxil,Tablet 1 gm,1 Tablet,6.27
Cefadroxil,Cefadroxil,Tablet 500 mg,1 Tablet,4.02
Cefazolin,Cefazolin,Powder for Injection 1 gm,Each Pack,24.48
Cefazolin,Cefazolin,Powder for Injection 500 mg,Each Pack,15.52
Cefixime,Cefixime,Tablet 200mg,1 Tablet,9.57
Cefixime,Cefixime,Oral Liquid 50 mg/5ml,1 ml,1.45
Cefixime,Cefixime,Tablet 400 mg,1 Tablet,22.0
Cefixime,Cefixime,Oral Liquid 100 mg/5ml,1 ml,2.15
Cefixime,Cefixime,Capsule 400 mg,1 Capsule,29.15
Cefixime,Cefixime,Capsule 200 mg,1 Capsule,14.39
Cefotaxime,Cefotaxime,Powder for Injection 1 gm,Each Pack,34.22
Cefotaxime,Cefotaxime,Powder for Injection 250 mg,Each Pack,15.56
Cefotaxime,Cefotaxime,Powder for Injection 500 mg,Each Pack,20.46
Ceftazidime,Ceftazidime,Powder for Injection 1 gm,Each Pack,208.68
Ceftazidime,Ceftazidime,Powder for Injection 250 mg,Each Pack,64.9
Ceftriaxone,Ceftriaxone,Powder for Injection 1gm,Each Pack,53.75
Ceftriaxone,Ceftriaxone,Powder for Injection 2 gm,Each Pack,127.77
Ceftriaxone,Ceftriaxone,Powder for Injection 250 mg,Each Pack,24.61
Ceftriaxone,Ceftriaxone,Powder for Injection 500 mg,Each Pack,44.95
Cetirizine,Cetirizine,Capsule 10 mg,1 Capsule,2.37
Cetirizine,Cetirizine,Oral Liquid 5 mg/5ml,1 ml,0.59
Cetirizine,Cetirizine,Tablet 10 mg,1 Tablet,1.65
Cetrimide,Cetrimide,Solution 20% (concentrate for dilution),1 ml,0.32
Chlorambucil,Chlorambucil,Tablet 2 mg,1 Tablet,36.8
Chlorambucil,Chlorambucil,Tablet 5 mg,1 Tablet,82.7
Chlorhexidine,Chlorhexidine,Solution 5% (Concentrate for dilution),1 ml,0.15
Chloroquine,Chloroquine,Oral Liquid 50 mg/5ml,1 ml,0.3
Chloroquine,Chloroquine,Tablet 150mg,1 Tablet,1.18
Chlorpheniramine,Chlorpheniramine,Tablet 4 mg,1 Tablet,0.09
Cholecalciferol,Cholecalciferol,Tablet 1000 IU,1 Tablet,3.74
Cholecalciferol,Cholecalciferol,Capsule 1000 IU,1 Capsule,4.76
Cholecalciferol,Cholecalciferol,Capsule 60000 IU,1 Capsule,29.44
Cholecalciferol,Cholecalciferol,Oral Liquid 400 IU/ml,1 ml,2.34
Cholecalciferol,Cholecalciferol,Tablet 60000 IU,1 Tablet,24.18
Ciprofloxacin,Ciprofloxacin,Tablet 250mg,1 Tablet,2.07
Ciprofloxacin,Ciprofloxacin,Tablet 500mg,1 Tablet,3.64
Ciprofloxacin,Ciprofloxacin,Ointment 0.3%,1 gm,1.13
Ciprofloxacin,Ciprofloxacin,Drops 0.30%,1 ml,1.52
Ciprofloxacin,Ciprofloxacin,Injection 200 mg/100ml,1 ml,0.17
Ciprofloxacin,Ciprofloxacin,Oral Liquid 250 mg/5ml,1 ml,0.63
Cisplatin,Cisplatin,Injection 1 mg/ml,1 ml,6.87
Clarithromycin,Clarithromycin,Tablet 500 mg,1 Tablet,49.21
Clarithromycin,Clarithromycin,Tablet 250 mg,1 Tablet,27.92
Clarithromycin,Clarithromycin,Oral Liquid 125 mg/5ml,1 ml,4.3
Clindamycin,Clindamycin,Capsule 150 mg,1 Capsule,14.43
Clindamycin,Clindamycin,Capsule 300 mg,1 Capsule,23.56
Clindamycin,Clindamycin,Tablet 300 mg,1 Tablet,15.2
Clobazam,Clobazam,Tablet 10 mg,1 Tablet,9.01
Clobazam,Clobazam,Tablet 5 mg,1 Tablet,5.12
Clofazimine,Clofazimine,Capsule 50 mg,1 Capsule,2.17
Clofaziminea,Clofaziminea,Capsule 100 mg,1 Capsule,3.7
Clomiphene,Clomiphene,Capsule 100 mg,1 Capsule,55.5
Clomiphene,Clomiphene,Capsule 50 mg,1 Capsule,30.53
Clomiphene,Clomiphene,Tablet 100mg,1 Tablet,12.18
Clomiphene,Clomiphene,Tablet 50mg,1 Tablet,8.3
Clomipramine,Clomipramine,Tablet 25 mg,1 Tablet,5.53
Clomipramine,Clomipramine,Tablet 75 mg,1 Tablet,14.3
Clomipramine,Clomipramine,Tablet 10 mg,1 Tablet,2.51
Clonazepam,Clonazepam,Tablet 0.5 mg,1 Tablet,3.1
Clonazepam,Clonazepam,Tablet 1 mg,1 Tablet,4.22
Clonazepam,Clonazepam,Tablet 0.25 mg,1 Tablet,1.82
Clopidogrel,Clopidogrel,Tablet 75 mg,1 Tablet,6.93
Clotrimazole,Clotrimazole,Drops 1%,1 ml,3.02
Clotrimazole,Clotrimazole,Pessary 100 mg,1 Pessary,8.66
Clotrimazole,Clotrimazole,Lotion 1%,1 ml,3.57
Clotrimazole,Clotrimazole,Cream 1%,1 gm,2.9
Cloxacillin,Cloxacillin,Powder for Injection250mg,Each Pack,4.43
Cloxacillin,Cloxacillin,Tablet 250mg,1 Tablet,1.72
Cloxacillin,Cloxacillin,Capsule 250mg,1 Capsule,1.13
Cloxacillin,Cloxacillin,Capsule 500mg,1 Capsule,1.9
Clozapine,Clozapine,Tablet 25 mg,1 Tablet,2.51
Clozapine,Clozapine,Tablet 50 mg,1 Tablet,4.79
Clozapine,Clozapine,Tablet 100 mg,1 Tablet,7.72
Co-trimoxazole (Sulphamethoxazole (A)+Trimethoprim (B)],Co-trimoxazole (Sulphamethoxazole (A)+Trimethoprim (B)],Oral Liquid 200 mg(A)+40 mg(B)/5ml,1 ml,0.33
Co-trimoxazole (Sulphamethoxazole (A)+Trimethoprim (B)],Co-trimoxazole (Sulphamethoxazole (A)+Trimethoprim (B)],Tablet 400 mg(A)+80 mg(B),1 Tablet,0.78
Co-trimoxazole (Sulphamethoxazole (A)+Trimethoprim (B)],Co-trimoxazole (Sulphamethoxazole (A)+Trimethoprim (B)],Tablet 800 mg(A)+160 mg(B),1 Tablet,2.02
Coagulation factor IX,Coagulation factor IX,Powder for Injection 600 IU,Each Pack,12284.99
Coagulation factor VIII,Coagulation factor VIII,Powder for Injection 250 IU,Each pack,3724.11
Coagulation factor VIII,Coagulation factor VIII,Powder for Injection 500 IU,Each Pack,9138.7
Colchicine,Colchicine,Tablet 0.5 mg,1 Tablet,3.1
Condoms,Condoms,,1 Condom,9.1
Cyclophosphamide,Cyclophosphamide,Tablet 50 mg,1 Tablet,4.04
Cyclophosphamide,Cyclophosphamide,Powder for Injection 500 mg,Each Pack,79.58
Cycloserine,Cycloserine,Capsule 250 mg,1 Capsule,54.13
Cycloserine,Cycloserine,Tablet 250 mg,1 Tablet,46.54
Cyclosporine,Cyclosporine,Injection 50 mg/ml,1 ml,268.93
Cyclosporine,Cyclosporine,Oral Liquid 100 mg/ml,1 ml,94.24
Cyclosporine,Cyclosporine,Capsule 25 mg,1 Capsule,27.43
Cyclosporine,Cyclosporine,Capsule 50 mg,1 Capsule,52.49
Cyclosporine,Cyclosporine,Capsule 100 mg,1 Capsule,102.2
Cytosine arabinoside,Cytosine arabinoside,Injection 100 mg/ml,Each Pack,198.09
Cytosine arabinoside,Cytosine arabinoside,Powder for Injection 1000 mg,Each Pack,1068.41
Cytosine arabinoside,Cytosine arabinoside,Powder for Injection 500 mg,Each Pack,510.65
DPT + Hib + Hep B vaccine,DPT + Hib + Hep B vaccine,,Per 0.1 ml,80.08
DPT vaccine,DPT vaccine,,Per 0.5 ml,14.12
Dacarbazine,Dacarbazine,Powder for Injection 200 mg,Each Pack,438.03
Dacarbazine,Dacarbazine,Powder for Injection 500 mg,Each Pack,988.15
Dapsone,Dapsone,Tablet 100 mg,1 Tablet,0.36
Dapsone,Dapsone,Tablet 50 mg,1 Tablet,0.2353
Darunavir,Darunavir,Tablet 600 mg,1 Tablet,166.43
Daunorubicin,Daunorubicin,Powder for I.V. Injection 20 mg (5 mg/ml),Each pack,242.47
Desferrioxamine,Desferrioxamine,Powder for Injection 500mg,Each pack,160.34
Dexamethasone,Dexamethasone,Injection 4 mg/ml,Each Pack (2 ml),9.29
Dexamethasone,Dexamethasone,Injection 4 mg/ml,Each Pack (20 ml),26.32
Dexamethasone,Dexamethasone,Tablet 0.5 mg,1 Tablet,0.19
Dexamethasone,Dexamethasone,Injection 4 mg/ml,Each Pack (10 ml),13.73
Dexamethasone,Dexamethasone,Injection 4 mg/ml,Each Pack (30 ml),35.17
Dextran-40,Dextran-40,Injection 10%,1 ml,0.85
Diazepam,Diazepam,Injection 5 mg/ml,1 ml,6.04
Diazepam,Diazepam,Tablet 5 mg,1 Tablet,1.42
Diazepam,Diazepam,Suppository 5 mg,1 Suppository,5.96
Diazepam,Diazepam,Tablet 2 mg,1 Tablet,1.5
Diazepam,Diazepam,Oral Liquid 2 mg/5ml,1 ml,2.73
Diclofenac,Diclofenac,Capsule 50 mg,1 Capsule,0.61
Diclofenac,Diclofenac,Injection 25 mg/ml,1 ml,1.46
Diclofenac,Diclofenac,Tablet 50 mg,1 Tablet,1.91
Dicyclomine,Dicyclomine,Injection 10 mg/ml (10ml & 30ml Pack),1 ml,2.05
Dicyclomine,Dicyclomine,Injection 10 mg/ml (1ml & 2ml Pack),1 ml,3.18
Dicyclomine,Dicyclomine,Oral Solution 10mg/5ml,1 ml,0.16
Dicyclomine,Dicyclomine,Tablet 10mg,1 Tablet,0.11
Diethylcarbamazine,Diethylcarbamazine,Tablet 50 mg,1 Tablet,0.56
Diethylcarbamazine,Diethylcarbamazine,Oral Liquid 120 mg/5ml,1 ml,0.49
Diethylcarbamazine,Diethylcarbamazine,Tablet 100 mg,1 Tablet,1.41
Digoxin,Digoxin,Injection 0.25 mg/ml,1 ml,3.32
Digoxin,Digoxin,Oral liquid 0.05 mg/ml,1 ml,1.26
Digoxin,Digoxin,Tablet 0.25 mg,1 Tablet,1.19
Diloxanide furoate,Diloxanide furoate,Tablet 500mg,1 Tablet,1.05
Diltiazem,Diltiazem,Tablet 60 mg,1 Tablet,4.87
Diltiazem,Diltiazem,Tablet 30 mg,1 Tablet,2.39
Diltiazem,Diltiazem,Capsule 90 mg,1 Capsule,9.58
Diltiazem,Diltiazem,Injection 5 mg/ml,1 ml,3.15
Diltiazem,Diltiazem,SR Tablet 90 mg,1 Tablet,9.3
Dimercaprol,Dimercaprol,Injection 50 mg/ml,1 ml,199.55
Dinoprostone,Dinoprostone,Gel 0.5 mg,1 gm,80.83
Dinoprostone,Dinoprostone,Tablet 0.5mg,1 Tablet,49.9
Diphtheria antitoxin,Diphtheria antitoxin,10000 IU,Each Pack,1306.76
Dobutamine,Dobutamine,Injection 50 mg/ml,Each Pack,37.39
Docetaxel,Docetaxel,Powder for Injection 20 mg,Each Pack,2984.59
Docetaxel,Docetaxel,Powder for Injection 80 mg,Each Pack,11347.62
Domperidone,Domperidone,Oral Liquid 1 mg/ml,1 ml,1.07
Domperidone,Domperidone,Tablet 10 mg,1 Tablet,2.41
Donepezil,Donepezil,Tablet 10 mg,1 Tablet,16.0
Donepezil,Donepezil,Tablet 5 mg,1 Tablet,11.21
Dopamine,Dopamine,Injection 40 mg/ml,1 ml,5.63
Doxorubicin,Doxorubicin,Injection 2 mg/ml,1 ml,35.8
Doxycycline,Doxycycline,Capsule 100 mg,1 Capsule,2.5
Doxycycline,Doxycycline,Tablet 100 mg,1 Tablet,0.97
Efavirenz,Efavirenz,Capsule 200 mg,1 Capsule,24.0
Efavirenz,Efavirenz,Capsule 600 mg,1 Capsule,62.54
Efavirenz,Efavirenz,Tablet 200 mg,1 Tablet,22.61
Efavirenz,Efavirenz,Tablet 600 mg,1 Tablet,70.81
Enalapril,Enalapril,Tablet 5 mg,1 Tablet,3.2
Enalapril,Enalapril,Tablet 2.5 mg,1 Tablet,1.93
Enoxaparin,Enoxaparin,Injection 40 mg/0.4ml,0.1 ml,101.35
Enoxaparin,Enoxaparin,Injection 60 mg/0.6ml,0.1 ml,101.35
Entecavir,Entecavir,Tablet 0.5 mg,1 Tablet,79.55
Entecavir,Entecavir,Tablet 1 mg,1 Tablet,126.4
Erythropoietin,Erythropoietin,Injection 10000 IU/ml,Each pack,2593.87
Erythropoietin,Erythropoietin,Injection 2000 IU/ml,Each pack,614.36
Escitalopram,Escitalopram,Tablet 20 mg,1 Tablet,12.76
Escitalopram,Escitalopram,Tablet 10 mg,1 Tablet,8.08
Escitalopram,Escitalopram,Tablet 5 mg,1 Tablet,4.55
Esmolol,Esmolol,Injection 10mg/ml,1 ml,21.6
Ethambutol,Ethambutol,Tablet 200 mg,1 Tablet,1.05
Ethambutol,Ethambutol,Tablet 400 mg,1 Tablet,2.39
Ethambutol,Ethambutol,Tablet 600 mg,1 Tablet,3.53
Ethambutol,Ethambutol,Tablet 800 mg,1 Tablet,4.22
Ethinylestradiol,Ethinylestradiol,Tablet 0.01 mg,1 Tablet,2.34
Ethinylestradiol,Ethinylestradiol,Tablet 0.05 mg,1 Tablet,3.74
Ethinylestradiol (A) + Levonorgestrel (B),Ethinylestradiol (A) + Levonorgestrel (B),Tablet 0.03 mg(A) + 0.15 mg(B),1 Tablet,3.44
Ethionamide,Ethionamide,Tablet 250 mg,1 Tablet,15.74
Ethyl Alcohol (Denatured),Ethyl Alcohol (Denatured),Solution 70%,1 ml,0.42
Etoposide,Etoposide,Capsule 50 mg,1 Capsule,54.21
Etoposide,Etoposide,Injection 20 mg/ml,1 ml,35.75
Etoposide,Etoposide,Capsules 100 mg,1 Capsule,60.37
Fentanyl,Fentanyl,Injection 50mcg/ml,1 ml,22.64
Ferrous Salt (A) + Folic Acid (B),Ferrous Salt (A) + Folic Acid (B),Tablet 100mg elemental iron (A) + 500mcg (B),1 Tablet,0.23
Filgrastim,Filgrastim,Injection 300 mcg,Each pack,1368.29
Fluconazole,Fluconazole,Injection 200 mg/100 ml,Each Pack,106.11
Fluconazole,Fluconazole,Tablet 200 mg,1 Tablet,18.73
Fluconazole,Fluconazole,Tablet 150 mg,1 Tablet,11.81
Fluconazole,Fluconazole,Tablet 400 mg,1 Tablet,31.15
Fluconazole,Fluconazole,Oral Liquid 50mg/5ml,1 ml,2.61
Fluconazole,Fluconazole,Tablet 100 mg,1 Tablet,7.96
Fluconazole,Fluconazole,Capsule 150 mg,1 Capsule,18.49
Fluconazole,Fluconazole,Capsule 100 mg,1 Capsule,25.19
Fluconazole,Fluconazole,Capsule 200 mg,1 Capsule,36.4
Flunarizine,Flunarizine,Tablet 10 mg,1 Tablet,4.72
Flunarizine,Flunarizine,Tablet 5 mg,1 Tablet,2.75
Fluoxetine,Fluoxetine,Tablet 40 mg,1 Tablet,5.32
Fluoxetine,Fluoxetine,Tablet 10 mg,1 Tablet,2.49
Fluoxetine,Fluoxetine,Tablet 60 mg,1 Tablet,7.38
Fluoxetine,Fluoxetine,Capsule 40 mg,1 Capsule,5.52
Fluoxetine,Fluoxetine,Capsule 20 mg,1 Capsule,3.64
Fluoxetine,Fluoxetine,Capsule 10 mg,1 Capsule,2.96
Fluoxetine,Fluoxetine,Capsule 60 mg,1 Capsule,9.76
Fluoxetine,Fluoxetine,Tablet 20 mg,1 Tablet,3.95
Fluphenazine,Fluphenazine,Depot Injection 25 mg/ml,1 ml,49.88
Folic Acid,Folic Acid,Capsule 5 mg,1 Capsule,5.62
Folic Acid,Folic Acid,Tablet 5 mg,1 Tablet,1.39
Framycetin Sulphate,Framycetin Sulphate,Cream 0.50%,1 GM,0.87
Furosemide,Furosemide,Oral liquid 10 mg/ml,1 ml,2.76
Furosemide,Furosemide,Tablet 40 mg,1 Tablet,0.75
Furosemide,Furosemide,Injection 10mg/ml,1 ml,2.48
Fusidic acid,Fusidic acid,Cream 2%,1 gm,9.1
Gadobenate,Gadobenate,Injection 529 mg/ml,1 ml,108.67
Ganciclovir,Ganciclovir,Powder for Injection 500 mg,Each Pack,1682.65
Ganciclovir,Ganciclovir,Capsule 250 mg,1 Capsule,119.87
Gefitinib,Gefitinib,Tablet 250 mg,1 Tablet,427.35
Gemcitabine,Gemcitabine,Powder for Injection 1 gm,Each Pack,5289.73
Gemcitabine,Gemcitabine,Powder for Injection 200mg,Each Pack,1168.23
Gentamicin,Gentamicin,Drops 0.3%,1 ml,0.91
Gentamicin,Gentamicin,Injection 10 mg/ml,1 ml,3.17
Gentamicin,Gentamicin,Injection 40 mg/ml,Each Pack (10 ml),17.91
Gentamicin,Gentamicin,Injection 40 mg/ml,Each Pack (2 ml),8.39
Gentamicin,Gentamicin,Injection 40 mg/ml,Each Pack (20 ml),27.15
Gentamicin,Gentamicin,Injection 40 mg/ml,Each Pack (30 ml),29.72
Gentian Violet Paint,Gentian Violet Paint,1%,1 ML,0.06516
Glimepiride,Glimepiride,Tablet 1 mg,1 Tablet,3.58
Glimepiride,Glimepiride,Tablet 2 mg,1 Tablet,5.69
Glucose,Glucose,Injection 5%,500ml Non-Glass,30.42
Glucose,Glucose,Injection 10%,Each Pack (500 ml),28.01
Glucose,Glucose,Injection 10%,Each Pack (1000 ml),25.75
Glucose,Glucose,Injection 5%,500ml Non Glass with special features,65.9
Glucose,Glucose,Injection 5%,500ml Glass,35.25
Glucose,Glucose,Injection 5%,100ml Glass,17.97
Glucose,Glucose,Injection 5%,250ml Glass,24.84
Glucose,Glucose,Injection 25%,1 ml,0.17
Glucose,Glucose,Injection 50%,1 ml,0.49
Glucose,Glucose,Injection 5%,250ml Non-Glass,22.44
Glucose,Glucose,Injection 5%,1000ml Non- Glass,51.69
Glucose,Glucose,Injection 5%,1000ml Glass,64.04
Glucose,Glucose,Injection 5%,100ml Non-Glass,16.27
Glucose,Glucose,Injection 5%,1000ml Non Glass,76.17
Glucose (A) + Sodium Chloride (B),Glucose (A) + Sodium Chloride (B),Injection 5% (A) + 0.9% (B),100ml Non-Glass,16.29
Glucose (A) + Sodium Chloride (B),Glucose (A) + Sodium Chloride (B),Injection 5% (A) + 0.9% (B),1000ml Non Glass with special features,80.04
Glucose (A) + Sodium Chloride (B),Glucose (A) + Sodium Chloride (B),Injection 5% (A) + 0.9% (B),100ml Glass,18.02
Glucose (A) + Sodium Chloride (B),Glucose (A) + Sodium Chloride (B),Injection 5% (A) + 0.9% (B),1000ml Glass,64.45
Glucose (A) + Sodium Chloride (B),Glucose (A) + Sodium Chloride (B),Injection 5% (A) + 0.9% (B),1000ml Non- Glass,52.08
Glucose (A) + Sodium Chloride (B),Glucose (A) + Sodium Chloride (B),Injection 5% (A) + 0.9% (B),500ml Non Glass with special features,68.49
Glucose (A) + Sodium Chloride (B),Glucose (A) + Sodium Chloride (B),Injection 5% (A) + 0.9% (B),250ml Glass,24.94
Glucose (A) + Sodium Chloride (B),Glucose (A) + Sodium Chloride (B),Injection 5% (A) + 0.9% (B),500ml Non-Glass,30.61
Glucose (A) + Sodium Chloride (B),Glucose (A) + Sodium Chloride (B),Injection 5% (A) + 0.9% (B),250ml Non-Glass,22.52
Glucose (A) + Sodium Chloride (B),Glucose (A) + Sodium Chloride (B),Injection 5% (A) + 0.9% (B),500ml Glass,35.43
Glutaraldehyde,Glutaraldehyde,Solution 2%,1 ml,0.06
Glycerin,Glycerin,Oral Liquid,1 ml,0.15
Glyceryl Trinitrate,Glyceryl Trinitrate,Sublingual Tablet 0.5 mg,1 Tablet,1.8
Glyceryl Trinitrate,Glyceryl Trinitrate,Injection 5 mg/ml,1 ml,6.54
Glycopyrrolate,Glycopyrrolate,Injection 0.2 mg/ml,1 ml,12.25
Griseofulvin,Griseofulvin,Tablet 375 mg,1 Tablet,4.29
Griseofulvin,Griseofulvin,Tablet 250 mg,1 Tablet,1.59
Griseofulvin,Griseofulvin,Tablet 125mg,1 Tablet,0.82
Haemodialysis fluid,Haemodialysis fluid,As license,1 ml,0.04
Haloperidol,Haloperidol,Oral Liquid 2 mg/ 5ml,1 ml,2.05
Haloperidol,Haloperidol,Tablet 10 mg,1 Tablet,4.4
Haloperidol,Haloperidol,Tablet 20 mg,1 Tablet,4.91
Haloperidol,Haloperidol,Tablet 5 mg,1 Tablet,3.43
Haloperidol,Haloperidol,Injection 5 mg/ml,1 ml,5.81
Haloperidol,Haloperidol,Tablet 1.5 mg,1 Tablet,1.65
Halothane,Halothane,Inhalation,1 ml,5.84
Hepatitis B immunoglobulin,Hepatitis B immunoglobulin,,Each Pack,5492.2
Hepatitis B vaccine,Hepatitis B vaccine,,1 ml,78.08
Homatropine,Homatropine,Drops 2%,1 ml,6.19
Hormone releasing IUD,Hormone releasing IUD,Contains 52 mgof Levonorgestrel,1 IUD,3856.86
Human Normal Immunoglobulin,Human Normal Immunoglobulin,Solution for infusion 5%,1 ml,153.82
Human Normal Immunoglobulin,Human Normal Immunoglobulin,Solution for infusion 16.5%,1 ml,379.83
Human Normal Immunoglobulin,Human Normal Immunoglobulin,Solution for infusion 10%,1 ml,208.26
Human chorionic Gonadotropin,Human chorionic Gonadotropin,Injection 1000 IU,Each Pack,211.9
Human chorionic Gonadotropin,Human chorionic Gonadotropin,Injection 5000 IU,Each Pack,416.14
Hydrochlorothiazide,Hydrochlorothiazide,Tablet 12.5 mg,1 Tablet,0.98
Hydrochlorothiazide,Hydrochlorothiazide,Tablet 25 mg,1 Tablet,1.68
Hydrochlorothiazide,Hydrochlorothiazide,Tablet 50 mg,1 Tablet,0.08
Hydrocortisone,Hydrocortisone,Powder for Injection 100 mg,Each Pack,38.8
Hydrocortisone,Hydrocortisone,Injection 100 mg,Each Pack,38.8
Hydrocortisone,Hydrocortisone,Tablet 10 mg,1 Tablet,5.87
Hydrocortisone,Hydrocortisone,Tablet 5 mg,1 Tablet,3.02
Hydrocortisone,Hydrocortisone,Injection 200 mg,Each Pack,59.82
Hydrogen peroxide,Hydrogen peroxide,Solution 6%,1 ml,0.04
Hydroxychloroquine,Hydroxychloroquine,Tablet 200 mg,1 Tablet,5.91
Hydroxychloroquine,Hydroxychloroquine,Tablet 400 mg,1 Tablet,11.91
Hydroxypropyl methylcellulose,Hydroxypropyl methylcellulose,Injection 2%,1 ml,37.39
Hydroxyurea,Hydroxyurea,Capsule 500 mg,1 Capsule,12.78
Hyoscine Butylbromide,Hyoscine Butylbromide,Tablet 10 mg,1 Tablet,2.96
Hyoscine butylbromide,Hyoscine butylbromide,Injection 20 mg/ml,1 ml,10.4
IUD containing Copper,IUD containing Copper,As licensed,1 IUD,286.65
Ibuprofen,Ibuprofen,Oral Liquid 100mg/5ml,1 ml,0.19
Ibuprofen,Ibuprofen,Tablet 400 mg,1 Tablet,0.69
Ibuprofen,Ibuprofen,Tablet 200 mg,1 Tablet,0.39
Ibuprofen,Ibuprofen,Capsule 400 mg,1 Capsule,1.05
Ibuprofen,Ibuprofen,Capsule 200 mg,1 soft gelatin capsule,2.67
Ifosfamide,Ifosfamide,Powder for Injection 2g,Each Pack,947.01
Ifosfamide,Ifosfamide,Powder for Injection 1g,Each Pack,360.78
Imatinib,Imatinib,Capsule 100 mg,1 Capsule,77.4
Imatinib,Imatinib,Capsule 400 mg,1 Capsule,254.67
Imatinib,Imatinib,Tablet 100 mg,1 Tablet,79.19
Imatinib,Imatinib,Tablet 400 mg,1 Tablet,229.24
Insulin (Soluble),Insulin (Soluble),Injection 40 IU/ml,1 ml,15.01
Intermediate Acting (NPH) Insulin,Intermediate Acting (NPH) Insulin,Injection 40 IU/ml,1 ml,15.01
Iohexol,Iohexol,Injection 300mgiodine/ml,1 ml,16.58
Ipratropium,Ipratropium,Respirator solution for use in Nebulizer 250 mcg/ml,1 ml,2.53
Ipratropium,Ipratropium,Inhalation (MDI/DPI) 20 mcg/dose,1 Dose,0.61
Iron sucrose,Iron sucrose,Injection 20 mg/ml,1 ml,53.59
Isoflurane,Isoflurane,Inhalation,1 ml,10.42
Isoniazid,Isoniazid,Syrup 100 mg/5ml,1 ML,0.25772
Isoniazid,Isoniazid,Tablet 100mg,1 Tablet,0.68
Isoniazid,Isoniazid,Tablet 300mg,1 Tablet,1.19
Isosorbide 5 Mononitrate,Isosorbide 5 Mononitrate,Tablet 20 mg,1 Tablet,3.27
Isosorbide dinitrate,Isosorbide dinitrate,Tablet 10 mg,1 Tablet,0.73
Isosorbide dinitrate,Isosorbide dinitrate,Tablet 5 mg,1 Tablet,0.75
Isosorbide-5-mononitrate,Isosorbide-5-mononitrate,Tablet 10 mg,1 Tablet,1.96
Isosorbide-5-mononitrate,Isosorbide-5-mononitrate,SR Tablet 60 mg,1 Tablet,6.37
Isosorbide-5-mononitrate,Isosorbide-5-mononitrate,SR Capsule 60 mg,1 Capsule,3.47
Isosorbide-5-mononitrate,Isosorbide-5-mononitrate,SR Capsule 30 mg,1 Capsule,3.49
Isosorbide-5-mononitrate,Isosorbide-5-mononitrate,SR Tablet 30 mg,1 Tablet,4.88
Ispaghula,Ispaghula,Granules/ Husk/ Powder,1 gm,0.77
Japanese Encephalitis Vaccine,Japanese Encephalitis Vaccine,4mcg to 6mcg,Each Pack,695.51
Japanese Encephalitis Vaccine,Japanese Encephalitis Vaccine,up to 3mcg,Each Pack,529.88
Kanamycin,Kanamycin,Powder for Injection 750 mg,Each Pack,36.34
Kanamycin,Kanamycin,Powder for Injection 1 gm,Each Pack,38.99
Kanamycin,Kanamycin,Powder for Injection 500 mg,Each Pack,21.27
Ketamine,Ketamine,Injection 10 mg/ml,1 ml,10.56
Ketamine,Ketamine,Injection 50 mg/ml,1 ml,10.42
L-Asparaginase,L-Asparaginase,Powder for Injection 5000KU,Each Pack,1033.19
L-Asparaginase,L-Asparaginase,Powder for Injection 10000 KU,Each Pack,1600.63
Labetalol,Labetalol,Injection 5 mg/ml,1 ml,50.54
Lactulose,Lactulose,Oral Liquid 10 g/15 ml,1 ml,1.09
Lamivudine (A) + Nevirapine (B) + Stavudine (C),Lamivudine (A) + Nevirapine (B) + Stavudine (C),Tablet 150 mg(A) + 200 mg(B) + 30 mg(C),1 Tablet,15.56
Lamivudine (A) + Zidovudine (B),Lamivudine (A) + Zidovudine (B),Tablet 150 mg(A) + 300 mg(B),1 Tablet,20.0
Lamivudine (A)+ Nevirapine (B) + Stavudine (C),Lamivudine (A)+ Nevirapine (B) + Stavudine (C),Dispersible Tablet 30 mg(A) + 50 mg(B) + 6 mg(C),1 Tablet,4.93
Leflunomide,Leflunomide,Tablet 10 mg,1 Tablet,9.98
Leflunomide,Leflunomide,Tablet 20 mg,1 Tablet,19.48
Letrozole,Letrozole,Tablet 2.5 mg,1 Tablet,40.65
Levetiracetam,Levetiracetam,Injection 100 mg/ml,1 ml,21.75
Levetiracetam,Levetiracetam,ER Tablet 750 mg,1 Tablet,17.34
Levetiracetam,Levetiracetam,Tablet 250 mg,1 Tablet,5.83
Levetiracetam,Levetiracetam,Tablet 500 mg,1 Tablet,11.79
Levetiracetam,Levetiracetam,Tablet 750 mg,1 Tablet,18.13
Levetiracetam,Levetiracetam,Oral Liquid 100 mg/ml,1 ml,3.64
Levodopa (A) + Carbidopa (B),Levodopa (A) + Carbidopa (B),Tablet 100 mg(A) + 25 mg(B),1 Tablet,2.25
Levodopa (A) + Carbidopa (B),Levodopa (A) + Carbidopa (B),CR Tablet 200 mg(A) + 50 mg(B),1 Tablet,4.1
Levodopa (A) + Carbidopa (B),Levodopa (A) + Carbidopa (B),CR Tablet 100 mg(A) + 25 mg(B),1 Tablet,3.32
Levodopa (A) + Carbidopa (B),Levodopa (A) + Carbidopa (B),Tablet 250 mg(A) + 25 mg(B),1 Tablet,3.73
Levodopa (A) + Carbidopa (B),Levodopa (A) + Carbidopa (B),Tablet 100 mg(A) + 10 mg(B),1 Tablet,1.55
Levofloxacin,Levofloxacin,Tablet 500mg,1 Tablet,8.04
Levofloxacin,Levofloxacin,Tablet 750 mg,1 Tablet,10.9
Levofloxacin,Levofloxacin,Tablet 250 mg,1 Tablet,4.4
Levonorgestrel,Levonorgestrel,Tablet 0.75 mg,1 Tablet,22.95
Levothyroxine,Levothyroxine,Tablet 125 mcg,1 Tablet,1.53
Levothyroxine,Levothyroxine,Tablet 100 mcg,1 Tablet,1.19
Levothyroxine,Levothyroxine,Tablet 112mcg,1 Tablet,1.43
Levothyroxine,Levothyroxine,Tablet 12.5 mcg,1 Tablet,1.34
Levothyroxine,Levothyroxine,Tablet 25 mcg,1 Tablet,1.3
Levothyroxine,Levothyroxine,Tablet 88 mcg,1 Tablet,1.53
Levothyroxine,Levothyroxine,Tablet 75 mcg,1 Tablet,1.29
Levothyroxine,Levothyroxine,Tablet 62.5mcg,1 Tablet,1.4
Levothyroxine,Levothyroxine,Tablet 50 mcg,1 Tablet,0.98
Levothyroxine,Levothyroxine,Tablet 150 mcg,1 Tablet,1.54
Lignocaine,Lignocaine,Injection 2%(Preservative free for IV use),1 ml,0.97
Lignocaine,Lignocaine,Injection 2%,1 ml,0.98
Lignocaine,Lignocaine,Injection 1%,Each Pack,7.92
Lignocaine,Lignocaine,Topical Forms 2-5%,1 gm or 1 ml,1.07
Lignocaine,Lignocaine,Injection 5% with 7.5% Glucose,1 ml,3.67
Lignocaine (A) + Adrenaline (B),Lignocaine (A) + Adrenaline (B),Injection 1% (A) + 1:200000 (5 mcg/ml) (B),1 ml,0.45
Lignocaine (A) + Adrenaline (B),Lignocaine (A) + Adrenaline (B),Injection 2% (A) + 1:200000 (5mcg/ml) (B),1 ml,0.92
Linezolid,Linezolid,Tablet 600 mg,1 Tablet,32.94
Lithium,Lithium,Tablet 300 mg,1 Tablet,1.46
Loperamide,Loperamide,Capsule 2 mg,1 Capsule,3.57
Loperamide,Loperamide,Tablet 2 mg,1 Tablet,1.97
Lopinavir (A) + Ritonavir (B),Lopinavir (A) + Ritonavir (B),Tablet 200 mg(A) + 50 mg(B),1 Tablet,45.43
Lopinavir (A) + Ritonavir (B),Lopinavir (A) + Ritonavir (B),Tablet 100 mg(A) + 25 mg(B),1 Tablet,23.44
Lorazepam,Lorazepam,Tablet 2 mg,1 Tablet,2.51
Lorazepam,Lorazepam,injection 2 mg/ml,1 ml,7.75
Lorazepam,Lorazepam,Tablet 1 mg,1 Tablet,2.06
Magnesium Sulphate,Magnesium Sulphate,Injection 500 mg/ml,1 ml,4.76
Mannitol,Mannitol,Injection 10%,1 ml,0.16
Mannitol,Mannitol,Injection 20%,1 ml,0.3
Measles Rubbela Vaccine,Measles Rubbela Vaccine,,Each Pack (0.5ml),88.15
Measles vaccine,Measles vaccine,Vaccine,Each Pack (0.5ml),50.84
Mebendazole,Mebendazole,Oral Liquid 100 mg/5ml,1 ml,0.77
Mebendazole,Mebendazole,Tablet 100 mg,1 Tablet,2.92
Medroxy Progesterone Acetate,Medroxy Progesterone Acetate,Tablet 5mg,1 Tablet,2.98
Medroxyprogesteroneacetate,Medroxyprogesteroneacetate,Tablet 10 mg,1 Tablet,5.37
Mefenamic acid,Mefenamic acid,Tablet 250 mg,1 Tablet,1.93
Mefenamic acid,Mefenamic acid,Oral Liquid 100 mg/5ml,1 ml,0.52
Mefenamic acid,Mefenamic acid,Tablet 500 mg,1 Tablet,2.45
Mefloquine,Mefloquine,Tablet 250 mg,1 Tablet,50.83
Meglumine Diatrizoate,Meglumine Diatrizoate,Injection 76%w/v,1 ml,9.52
Meglumine Diatrizoate,Meglumine Diatrizoate,Injection 60%w/v,1 ml,8.24
Melphalan,Melphalan,Tablet 2 mg,1 Tablet,97.82
Melphalan,Melphalan,Tablet 5 mg,1 Tablet,167.77
Mesna,Mesna,Injection 100 mg/ml,1 ml,16.72
Metformin,Metformin,Immediate Release Tablet 500 mg,1 Tablet,1.5
Metformin,Metformin,Controlled Release Tablet 1000 mg,1 Tablet,3.64
Metformin,Metformin,Controlled Release Tablet 500 mg,1 Tablet,1.91
Metformin,Metformin,controlled Released Tablet 750 mg,1 Tablet,2.39
Metformin,Metformin,Immediate Release Tablet 1000 mg,1 Tablet,3.59
Metformin,Metformin,Immediate Release Tablet 750 mg,1 Tablet,3.03
Methotrexate,Methotrexate,Tablet 5 mg,1 Tablet,8.35
Methotrexate,Methotrexate,Tablet 10 mg,1 Tablet,12.11
Methotrexate,Methotrexate,Tablet 2.5 mg,1 Tablet,4.77
Methotrexate,Methotrexate,Injection 50 mg/ml,1 ml,39.94
Methotrexate,Methotrexate,Injection 25 mg/ml,1 ml,47.96
Methotrexate,Methotrexate,Tablet 7.5 mg,1 Tablet,11.55
Methyldopa,Methyldopa,Tablet 250 mg,1 Tablet,2.44
Methyldopa,Methyldopa,Tablet 500 mg,1 Tablet,4.67
Methylergometrine,Methylergometrine,Injection 0.2 mg/ml,1 ml,14.23
Methylergometrine,Methylergometrine,Tablet 0.125 mg,1 Tablet,7.9
Methylprednisolone,Methylprednisolone,Injection 40mg/ml,1 ml,53.81
Methylprednisolone,Methylprednisolone,Tablet 16 mg,1 Tablet,8.89
Methylprednisolone,Methylprednisolone,Tablet 8 mg,1 Tablet,5.08
Metoclopramide,Metoclopramide,Tablet 10 mg,1 Tablet,1.16
Metoclopramide,Metoclopramide,Injection 5 mg/ml (10 ml Pack),1 ml,1.42
Metoclopramide,Metoclopramide,Injection 5 mg/ml (2 ml Pack),1 ml,2.33
Metoclopramide,Metoclopramide,Oral Liquid 5 mg/5ml,1 ml,0.44
Metoprolol,Metoprolol,Capsule 50 mg,1 Capsule,6.43
Metoprolol,Metoprolol,SR Tablet 25 mg,1 Tablet,4.02
Metoprolol,Metoprolol,SR Tablet 50 mg,1 Tablet,5.76
Metoprolol,Metoprolol,Tablet 25 mg,1 Tablet,3.1
Metoprolol,Metoprolol,Tablet 50 mg,1 Tablet,4.7
Metoprolol,Metoprolol,Capsule 25 mg,1 Capsule,4.22
Metronidazole,Metronidazole,Injection 500mg/100ml,1 ml,0.2
Metronidazole,Metronidazole,Oral Liquid 200 mg/5ml,1 ml,0.45
Metronidazole,Metronidazole,Tablet 200 mg,1 Tablet,0.69
Metronidazole,Metronidazole,Tablet 400 mg,1 Tablet,1.27
Midazolam,Midazolam,Tablet 7.5mg,1 Tablet,22.38
Midazolam,Midazolam,Injection 5 mg/ml,1 ml,14.47
Midazolam,Midazolam,Injection 1 mg/ml,1 ml,5.89
Mifepristone,Mifepristone,Tablet 200 mg,1 Tablet,320.77
Misoprostol,Misoprostol,Tablet 100 mcg,1 Tablet,8.68
Misoprostol,Misoprostol,Tablet 200 mcg,1 Tablet,16.65
Morphine,Morphine,Injection 10 mg/ml,1 ml,23.68
Morphine,Morphine,Injection 15 mg/ml,1 ml,29.55
Morphine,Morphine,SR Tablet 30 mg,1 Tablet,5.43
Morphine,Morphine,Tablet 10 mg,1 Tablet,5.31
Moxifloxacin,Moxifloxacin,Tablet 400 mg,1 Tablet,25.26
Mycophenolate mofetil,Mycophenolate mofetil,Tablet 250 mg,1 Tablet,41.4
Mycophenolate mofetil,Mycophenolate mofetil,Tablet 500 mg,1 Tablet,81.89
N-acetylcysteine,N-acetylcysteine,Injection 200 mg/ml,1 ml,22.34
N-acetylcysteine,N-acetylcysteine,Sachet 200mg,1 gm,8.97
Naloxone,Naloxone,injection 0.4 mg/ml,1 ml,86.5
Natamycin,Natamycin,Drops 5%,1 ml,22.74
Neostigmine,Neostigmine,injection 0.5 mg/ml,1 ml,4.34
Neostigmine,Neostigmine,Tablet 15 mg,1 Tablet,4.66
Nevirapine,Nevirapine,Oral Liquid 50 mg/5ml,1 ml,0.84
Nevirapine,Nevirapine,Tablet 200 mg,1 Tablet,14.27
Nifedipine,Nifedipine,Capsule 10 mg,1 Capsule,0.86
Nifedipine,Nifedipine,Tablet 10 mg,1 Tablet,1.23
Nitrofurantoin,Nitrofurantoin,Capsule 100mg,1 Capsule,7.83
Nitrofurantoin,Nitrofurantoin,Oral Liquid 25 mg/5ml,1 ml,0.82
Nitrofurantoin,Nitrofurantoin,Tablet 100 mg,1 Tablet,7.21
Nitrous Oxide,Nitrous Oxide,Inhalation,Cubic Meter,232.96
Noradrenaline,Noradrenaline,Injection 2 mg/ml,1 ml,25.69
Norethisterone,Norethisterone,Tablet 5 mg,1 Tablet,5.09
Omeprazole,Omeprazole,Capsule 10 mg,1 Capsule,2.11
Omeprazole,Omeprazole,Capsule 20 mg,1 Capsule,2.49
Omeprazole,Omeprazole,Capsule 40 mg,1 Capsule,4.92
Omeprazole,Omeprazole,Powder for oral Liquid 20 mg,1 gm,1.22
Omeprazole,Omeprazole,Tablet 10 mg,1 Tablet,4.42
Omeprazole,Omeprazole,Tablet 20 mg,1 Tablet,4.91
Omeprazole,Omeprazole,Tablet 40 mg,1 Tablet,8.31
Ondansetron,Ondansetron,Tablet 8 mg,1 Tablet,9.73
Ondansetron,Ondansetron,Tablet 4 mg,1 Tablet,4.69
Ondansetron,Ondansetron,Injection 2 mg/ml,1 ml,5.83
Ondansetron,Ondansetron,Oral Liquid 2 mg/5ml,1 ml,1.13
Oral Poliomyelitis vaccine (LA),Oral Poliomyelitis vaccine (LA),Solution,1 ML,120.24
Oral Rehydration Salts,Oral Rehydration Salts,As Licensed,1 gm,0.89
Oral Rehydration Salts,Oral Rehydration Salts,As Licensed,1 ml,0.14
Oxaliplatin,Oxaliplatin,Injection 100mg(as licensed),Each Pack,4455.9
Oxaliplatin,Oxaliplatin,Injection 50mg(as licensed),Each Pack,2591.45
Oxytocin,Oxytocin,Injection 10 IU/ml,1 ml,39.28
Oxytocin,Oxytocin,Injection 5IU/ml,1 ml,17.6
Paclitaxel,Paclitaxel,Injection 100 mg/16.7 ml,1 ml,222.53
Paclitaxel,Paclitaxel,Injection 30 mg/ 5ml,1 ml,222.53
Pantoprazole,Pantoprazole,Injection 40 mg,Each Pack,44.39
Para-aminosalicylic acid,Para-aminosalicylic acid,Granules (As licensed),1 gm,2.83
Paracetamol,Paracetamol,Suppository 170 mg,Each Suppository,7.67
Paracetamol,Paracetamol,Injection 150 mg/ml,Each Pack (7 ml),17.68
Paracetamol,Paracetamol,Injection 150 mg/ml,Each Pack (2 ml),6.43
Paracetamol,Paracetamol,Injection 150 mg/ml,Each Pack (4 ml),10.93
Paracetamol,Paracetamol,Injection 150 mg/ml,Each Pack (3 ml),8.68
Paracetamol,Paracetamol,Suppository 80 mg,Each Suppository,6.49
Paracetamol,Paracetamol,Injection 150 mg/ml,Each Pack (1 ml),4.19
Paracetamol,Paracetamol,Injection 150 mg/ml,Each Pack (5 ml),13.18
Paracetamol,Paracetamol,Tablet 650 mg,1 Tablet,1.83
Paracetamol,Paracetamol,Injection 150 mg/ml,Each Pack ( 0.5 ml),3.06
Paracetamol,Paracetamol,Oral Liquid 120 mg/5ml,1 ml,0.53
Paracetamol,Paracetamol,Oral Liquid 125 mg/5ml,1 ml,0.34
Paracetamol,Paracetamol,Oral Liquid 150 mg/5ml,1 ml,0.58
Paracetamol,Paracetamol,Oral Liquid 100 mg/5ml,1 ml,0.51
Paracetamol,Paracetamol,Oral Liquid 500 mg/5ml,1 ml,0.64
Paracetamol,Paracetamol,Oral Liquid 650 mg/5ml,1 ml,0.52
Paracetamol,Paracetamol,Tablet 500 mg,1 Tablet,0.91
Paracetamol,Paracetamol,Oral Liquid 250 mg/5ml,1 ml,0.6
Paracetamol Oral Liquid,Paracetamol Oral Liquid,100 mg/ml (pediatric),1 ml,1.61
Pegylated interferon alfa 2a,Pegylated interferon alfa 2a,Injection 180mcg,Each Pack,7889.76
Pegylated interferon alfa 2b,Pegylated interferon alfa 2b,Injection 100mcg,Each Pack,15599.0
Pegylated interferon alfa 2b,Pegylated interferon alfa 2b,Injection 120mcg,Each Pack,14527.08
Pegylated interferon alfa 2b,Pegylated interferon alfa 2b,Injection 80mcg,Each Pack,12470.96
Penicillamine,Penicillamine,Capsule 250 mg,1 Capsule,14.82
Permethrin,Permethrin,Lotion 5%,1 ml,0.97
Permethrin,Permethrin,Lotion 1%,1 gm,0.91
Permethrin,Permethrin,Cream 1%,1 gm,1.6
Permethrin,Permethrin,Cream 5%,1 gm,1.73
Permethrin,Permethrin,Gel 5%,1 gm,1.46
Pheniramine,Pheniramine,Injection 22.75 mg/ml (2ml),1 ml,2.28
Pheniramine,Pheniramine,Injection 22.75 mg/ml(10ml),1 ml,1.7
Phenobarbitone,Phenobarbitone,Injection 200 mg/ml,1 ml,19.11
Phenobarbitone,Phenobarbitone,Tablet 30 mg,1 Tablet,1.22
Phenobarbitone,Phenobarbitone,Tablet 60 mg,1 Tablet,1.76
Phenobarbitone,Phenobarbitone,Oral liquid 20 mg/5 ml,1 ml,0.44
Phenylephrine,Phenylephrine,Drop 10%,1 ml,8.06
Phenylephrine,Phenylephrine,Drops 5%,1 ml,3.72
Phenytoin,Phenytoin,Capsule 100 mg,1 Capsule,1.52
Phenytoin,Phenytoin,Capsule 300 mg,1 Capsule,3.8
Phenytoin,Phenytoin,injection 25 mg/ml,1 ml,2.51
Phenytoin,Phenytoin,Injection 50 mg/ml,1 ml,5.36
Phenytoin,Phenytoin,Oral Liquid 125 mg/5ml,1 ml,0.9
Phenytoin,Phenytoin,Oral Liquid 30 mg/5ml,1 ml,0.31
Phenytoin,Phenytoin,ER Tablet 300 mg,1 Tablet,5.79
Phenytoin,Phenytoin,Tablet 100 mg,1 Tablet,1.55
Phenytoin,Phenytoin,Tablet 300 mg,1 Tablet,4.73
Phenytoin,Phenytoin,Tablet 50 mg,1 Tablet,0.74
Phenytoin,Phenytoin,ERCapsule 300 mg,1 Capsule,3.8
Phytomenadione (Vitamin K1),Phytomenadione (Vitamin K1),Injection 10mg/ml,1 ml,47.74
Phytomenadione (Vitamin K1),Phytomenadione (Vitamin K1),Tablet 10mg,1 Tablet,14.48
Pilocarpine,Pilocarpine,Drops 2%,1 ml,10.08
Pilocarpine,Pilocarpine,Drops 4%,1 ml,11.65
Piperacillin (A) + Tazobactam (B),Piperacillin (A) + Tazobactam (B),Powder for Injection 4 g (A) + 500 mg(B),Each Pack,438.0
Piperacillin (A) + Tazobactam (B),Piperacillin (A) + Tazobactam (B),Powder for Injection 1 g (A) + 125 mg(B),Each Pack,88.14
Piperacillin (A) + Tazobactam (B),Piperacillin (A) + Tazobactam (B),Powder for Injection 2 g (A) + 250 mg(B),Each Pack,208.51
Potassium chloride,Potassium chloride,Injection 150 mg/ml,1 ml,2.42
Potassium chloride,Potassium chloride,Oral Liquid 500 mg/5ml,1 ml,0.29
Potassium permanganate,Potassium permanganate,Crystals for topical solution,1 gm,0.44
Povidone Iodine,Povidone Iodine,Solution 10%,1 ml,0.93
Povidone Iodine,Povidone Iodine,Solution 5%,1 ml,0.39
Povidone iodine,Povidone iodine,Ointment 10%,1 gm,5.19
Povidone iodine,Povidone iodine,Solution 4%,1 ml,1.73
Povidone iodine,Povidone iodine,Solution 7.5%,1 ml,0.77
Pralidoxime chloride (2- PAM),Pralidoxime chloride (2- PAM),Injection 25 mg/ml,1 ml,3.72
Praziquantel,Praziquantel,Tablet 600 mg,1 Tablet,28.74
Prednisolone,Prednisolone,Tablet 5 mg,1 Tablet,0.56
Prednisolone,Prednisolone,Tablet 40 mg,1 Tablet,2.8
Prednisolone,Prednisolone,Drops 1%,1 ml,5.01
Prednisolone,Prednisolone,Tablet 10 mg,1 Tablet,0.97
Prednisolone,Prednisolone,Injection 20 mg/2ml,1 ml,3.57
Prednisolone,Prednisolone,Oral Liquid 15 mg/ 5ml,1 ml,0.75
Prednisolone,Prednisolone,Tablet 20 mg,1 Tablet,1.95
Prednisolone,Prednisolone,Oral Liquid 5 mg/ 5ml,1 ml,0.43
Premix Insulin 30:70 Injection (Regular:NPH),Premix Insulin 30:70 Injection (Regular:NPH),Injection 40 IU /ml,1 ml,15.01
Prilocaine (A) + Lignocaine (B),Prilocaine (A) + Lignocaine (B),Cream 2.5% (A) + 2.5% (B ),1 gm,20.39
Primaquine,Primaquine,Tablet 15 mg,1 Tablet,4.56
Primaquine,Primaquine,Tablet 7.5 mg,1 Tablet,2.11
Primaquine,Primaquine,Tablet 2.5 mg,1 Tablet,1.55
Procarbazine,Procarbazine,Tablet 50 mg,1 Tablet,46.97
Procarbazine,Procarbazine,Capsule 50 mg,1 Capsule,34.47
Proparacaine,Proparacaine,Drops 0.5%,1 ml,9.94
Propofol,Propofol,Injection 10 mg/ml,1 ml,7.2
Propranolol,Propranolol,Capsule 40 mg,1 Capsule,3.79
Propranolol,Propranolol,Capsule 80 mg,1 Capsule,5.76
Propranolol,Propranolol,Tablet 10 mg,1 Tablet,1.16
Propranolol,Propranolol,Tablet 40 mg,1 Tablet,2.75
Propranolol,Propranolol,Tablet 80 mg,1 Tablet,4.98
Protamine,Protamine,Injection 10 mg/ml,1 ml,9.22
Pyrazinamide,Pyrazinamide,Tablet 750 mg,1 Tablet,6.42
Pyrazinamide,Pyrazinamide,Tablet 1500 mg,1 Tablet,10.41
Pyrazinamide,Pyrazinamide,Tablet 1000 mg,1 Tablet,9.4
Pyrazinamide,Pyrazinamide,Tablet 500 mg,1 Tablet,4.22
Pyrazinamide,Pyrazinamide,Oral Liquid 250 mg/5ml,1 ml,0.61
Pyridoxine,Pyridoxine,Tablet 100 mg,1 Tablet,5.57
Pyridoxine,Pyridoxine,Tablet 10mg,1 Tablet,0.11
Quinine,Quinine,Injection 300 mg/ml,1 ml,10.14
Quinine,Quinine,Tablet 300 mg,1 Tablet,5.71
Rabies Vaccine,Rabies Vaccine,,Each Pack,340.72
Raltegravir,Raltegravir,Tablet 400 mg,1 Tablet,156.04
Ramipril,Ramipril,Tablet 2.5 mg,1 Tablet,4.96
Ramipril,Ramipril,Capsule 2.5 mg,1 Capsule,4.72
Ramipril,Ramipril,Capsule 5 mg,1 Capsule,7.37
Ramipril,Ramipril,Tablet 5 mg,1 Tablet,7.81
Ranitidine,Ranitidine,Oral Liquid 75 mg/5ml,1 ml,0.72
Ranitidine,Ranitidine,Tablet 150 mg,1 Tablet,0.73
Ranitidine,Ranitidine,Injection 25mg/ml,1 ml,1.61
Ribavirin,Ribavirin,Capsule 200 mg,1 Capsule,83.4
Rifabutin,Rifabutin,Capsule 150mg,1 Capsule,39.55
Rifabutin,Rifabutin,Tablet 150mg,1 Tablet,36.93
Rifampicin,Rifampicin,Tablet 450mg,1 Tablet,4.42
Rifampicin,Rifampicin,Tablet 150 mg,1 Tablet,1.61
Rifampicin,Rifampicin,Tablet 300 mg,1 Tablet,2.92
Rifampicin,Rifampicin,Capsule 600 mg,1 Capsule,11.56
Rifampicin,Rifampicin,Capsule 450 mg,1 Capsule,4.92
Rifampicin,Rifampicin,Capsule 300 mg,1 Capsule,3.79
Rifampicin,Rifampicin,Capsule 150 mg,1 Capsule,2.0
Rifampicin,Rifampicin,Oral Liquid 100 mg/5ml,1 ml,0.39
Ringer Lactate,Ringer Lactate,Injection 1000ml,Each Pack,79.53
Ringer Lactate,Ringer Lactate,Injection 250ml,Each Pack,35.51
Ringer Lactate,Ringer Lactate,Injection 500ml,Each Pack,45.25
Ringer Lactate,Ringer Lactate,Injection 100ml,Each Pack,20.83
Ringer lactate,Ringer lactate,Injection100 ml,Each 100 ml pack having special features,23.95
Ringer lactate,Ringer lactate,Injection 250 ml,Each 250 ml pack having special features,40.84
Ringer lactate,Ringer lactate,Injection 500 ml,Each 500 ml pack having special features,52.03
Ringer lactate,Ringer lactate,Injection 1000 ml,Each 1000 ml pack having special features,91.46
Risperidone,Risperidone,Tablet 4 mg,1 Tablet,9.97
Risperidone,Risperidone,Oral Liquid 1 mg/ml,1 ml,1.93
Risperidone,Risperidone,Tablet 1 mg,1 Tablet,3.07
Risperidone,Risperidone,Tablet 2 mg,1 Tablet,4.91
Ritonavir,Ritonavir,Capsule 100 mg,1 Capsule,28.14
Ritonavir,Ritonavir,Tablet 100 mg,1 Tablet,28.94
Rituximab,Rituximab,Injection 10 mg/ml,1 ml,756.26
Salbutamol,Salbutamol,Oral Liquid 2 mg/5ml,1 ml,0.15
Salbutamol,Salbutamol,Respirator solution for use in Nebulizer 5 mg/ml,1 ml,0.7
Salbutamol,Salbutamol,Tablet 2 mg,1 Tablet,0.16
Salbutamol,Salbutamol,Tablet 4 mg,1 Tablet,0.18
Salbutamol,Salbutamol,Capsule 4 mg,1 Capsule,0.6
Salbutamol,Salbutamol,Inhalation (MDI/DPI) 100 mcg/dose,1 Dose,0.4
Salicylic acid,Salicylic acid,Ointment 6%,1 gm,1.79
Sevoflurane,Sevoflurane,Inhalation,1 ml,29.82
Silver Sulphadiazine,Silver Sulphadiazine,Cream 1%,1 gm,0.51
Snake Venom Antiserum- Soluble/ Liquid Polyvalent,Snake Venom Antiserum- Soluble/ Liquid Polyvalent,Injection,Each Pack (10 ML),431.45
Snake venom antiserum- Lyophilized polyvalent,Snake venom antiserum- Lyophilized polyvalent,Powder for Injection,10 ml Pack,555.59
Sodium Bicarbonate,Sodium Bicarbonate,Injection 8.4%,1 ml,1.28
Sodium Bicarbonate,Sodium Bicarbonate,Injection 7.5%,1 ml,1.4
Sodium Chloride,Sodium Chloride,Injection 0.9%,250ml Non-Glass,21.19
Sodium Chloride,Sodium Chloride,Injection 0.9%,1000ml Non Glass with special features,78.89
Sodium Chloride,Sodium Chloride,Injection 0.9%,500ml Non Glass with special features,70.43
Sodium Chloride,Sodium Chloride,Injection 0.9%,250ml Non Glass with special features,49.74
Sodium Chloride,Sodium Chloride,Injection 0.9%,100ml Non Glass with special features,33.68
Sodium Chloride,Sodium Chloride,Injection 0.9%,1000ml Non- Glass,46.67
Sodium Chloride,Sodium Chloride,Injection 0.9%,250ml Glass,23.6
Sodium Chloride,Sodium Chloride,Injection 0.9%,1000ml Glass,59.17
Sodium Chloride,Sodium Chloride,Injection 0.9%,500ml Glass,32.81
Sodium Chloride,Sodium Chloride,Injection 0.9%,500ml Non-Glass,27.93
Sodium Chloride,Sodium Chloride,Injection 0.9%,100ml Glass,17.5
Sodium Chloride,Sodium Chloride,Injection 0.9%,100ml Non-Glass,15.76
Sodium Nitrite,Sodium Nitrite,Injection 30mg/ml,1 ML,21.51
Sodium Nitroprusside,Sodium Nitroprusside,Injection 10 mg/ml,1 ml,25.74
Sodium Valproate,Sodium Valproate,Tablet 200 mg,1 Tablet,3.09
Sodium Valproate,Sodium Valproate,Tablet 300 mg,1 Tablet,3.96
Sodium Valproate,Sodium Valproate,Tablet 500 mg,1 Tablet,6.92
Sodium Valproate,Sodium Valproate,CR Tablets 300mg,1 Tablet,6.28
Sodium Valproate,Sodium Valproate,CR Tablets 500mg,1 Tablet,9.72
Sodium Valproate,Sodium Valproate,Oral Liquid 200 mg/5ml,1 ml,0.58
Sodium Valproate,Sodium Valproate,Injection 100 mg/ml,1 ml,5.75
Sofosbuvir,Sofosbuvir,Tablet 400 mg,1 Tablet,665.52
Somatostatin,Somatostatin,Powder for Injection 3 mg,Each pack,1580.17
Spironolactone,Spironolactone,Tablet 50 mg,1 Tablet,3.79
Spironolactone,Spironolactone,Tablet 25 mg,1 Tablet,1.91
Stavudine (A) + Lamivudine (B),Stavudine (A) + Lamivudine (B),Tablet 30 mg(A) +150 mg(B),1 Tablet,9.52
Streptokinase,Streptokinase,"Injection 15,00,000 IU",Each Pack,1784.78
Streptokinase,Streptokinase,"Injection 7,50,000 IU",Each Pack,1255.28
Streptomycin,Streptomycin,Powder for Injection 750 mg,Each Pack,8.75
Streptomycin,Streptomycin,Powder for Injection 1 gm,Each Pack,10.4
Succinyl Choline,Succinyl Choline,Injection 50 mg/ml,1 ml,4.82
Sucralfate,Sucralfate,Oral Liquid 1 g,1 ml,0.7
Sulfasalazine,Sulfasalazine,Tablet 500 mg,1 Tablet,3.97
Sumatriptan,Sumatriptan,Tablet 25mg,1 Tablet,33.19
Sumatriptan,Sumatriptan,Tablet 50mg,1 Tablet,51.38
Surfactant,Surfactant,Suspension for intratracheal instillation (As liensed),Per mg of Phospholipids in the pack,66.69
Tacrolimus,Tacrolimus,Capsule 0.5 mg,1 Capsule,22.05
Tacrolimus,Tacrolimus,Capsule 1 mg,1 Capsule,38.95
Tacrolimus,Tacrolimus,Capsule 2 mg,1 Capsule,76.3
Tamoxifen,Tamoxifen,Tablet 10 mg,1 Tablet,2.57
Tamoxifen,Tamoxifen,Tablet 20 mg,1 Tablet,2.9
Telmisartan,Telmisartan,Tablet 20 mg,1 Tablet,3.64
Telmisartan,Telmisartan,Tablet 40 mg,1 Tablet,6.57
Telmisartan,Telmisartan,Tablet 80 mg,1 Tablet,10.02
Temozolomide,Temozolomide,Capsule 250 mg,1 Capsule,4672.75
Temozolomide,Temozolomide,Tablet 20 mg,1 Tablet,373.62
Temozolomide,Temozolomide,Capsule 100 mg,1 Capsule,2077.53
Temozolomide,Temozolomide,Tablet 100 mg,1 Tablet,1542.12
Temozolomide,Temozolomide,Tablet 250 mg,1 Tablet,3816.9
Temozolomide,Temozolomide,Capsule 20 mg,1 Capsule,594.68
Tenofovir,Tenofovir,Tablet 300 mg,1 Tablet,47.05
Tenofovir (A) + Lamivudine (B),Tenofovir (A) + Lamivudine (B),Tablet 300 mg(A) + 300 mg(B),1 Tablet,44.76
Tenofovir (A) + Lamivudine (B) + Efavirenz (C),Tenofovir (A) + Lamivudine (B) + Efavirenz (C),Tablet 300 mg(A) + 300 mg(B) + 600 mg(C),1 Tablet,102.77
Tetanus Toxoid,Tetanus Toxoid,Injection,Each Pack (5 ml),23.37
Tetanus Toxoid,Tetanus Toxoid,Injection,Each Pack (0.5ml),10.81
Thalidomide,Thalidomide,Capsule 100 mg,1 Capsule,60.92
Thalidomide,Thalidomide,Capsule 50 mg,1 Capsule,35.19
Thiamine,Thiamine,Injection 100 mg/ml,1 ml,24.73
Thiamine,Thiamine,Tablet 100 mg,1 Tablet,3.74
Thiopentone,Thiopentone,Powder for Injection 0.5 gm,Each Pack,40.61
Thiopentone,Thiopentone,Powder for Injection 1 gm,Each Pack,49.28
Timolol,Timolol,Drops 0.25%,1 ml,5.15
Timolol,Timolol,Drops 0.5%,1 ml,11.89
Tiotropium,Tiotropium,Inhalation (MDI) 9 mcg/dose,Per Metered Dose,2.4
Tiotropium,Tiotropium,Inhalation (DPI) 18 mcg/dose,Per Dose,9.26
Tramadol,Tramadol,Capsule 50 mg,1 Capsule,4.5
Tramadol,Tramadol,Injection 50 mg/ml (20 ml Pack),1 ml,1.24
Tramadol,Tramadol,Injection 50 mg/ml (upto 2 ml Pack),1 ml,10.44
Tramadol,Tramadol,Tablet 100 mg,1 Tablet,19.61
Tramadol,Tramadol,Tablet 50 mg,1 Tablet,8.04
Tramadol,Tramadol,Capsule 100 mg,1 Capsule,9.57
Tranexamic acid,Tranexamic acid,Tablet 500 mg,1 Tablet,17.32
Tranexamic acid,Tranexamic acid,Injection 100 mg/ml,1 ml,14.9
Trastuzumab,Trastuzumab,Injection 440 mg/50 ml,Each Pack,59976.96
Trihexyphenidyl,Trihexyphenidyl,Tablet 2 mg,1 Tablet,1.21
Tropicamide,Tropicamide,Eye Drop 1%,1 ml,10.03
Vancomycin,Vancomycin,Powder for Injection 1 gm,Each Pack,474.52
Vancomycin,Vancomycin,Powder for Injection 250 mg,Each Pack,221.09
Vancomycin,Vancomycin,Powder for Injection 500 mg,Each Pack,285.41
Vecuronium,Vecuronium,Powder for Injection 10 mg,Each Pack,188.52
Vecuronium,Vecuronium,Powder for Injection 4 mg,Each Pack,90.98
Verapamil,Verapamil,Injection 2.5 mg/ml,1 ml,1.16
Verapamil,Verapamil,Tablet 40 mg,1 Tablet,0.74
Verapamil,Verapamil,Tablet 80 mg,1 Tablet,1.39
Vinblastine,Vinblastine,Injection 1mg/ml,1 ml,20.46
Vincristine,Vincristine,Injection 1 mg/ml,1 ml,51.96
Vitamin A,Vitamin A,Tablet 50000 IU,1 Tablet,0.7
Vitamin A,Vitamin A,Injection 50000 IU/ml,1 ml,1.91
Vitamin A,Vitamin A,Capsule 50000 IU,1 Capsule,0.55
Warfarin,Warfarin,Tablet 3 mg,1 Tablet,3.11
Warfarin,Warfarin,Tablet 2 mg,1 Tablet,2.66
Warfarin,Warfarin,Tablet 1 mg,1 Tablet,2.41
Warfarin,Warfarin,Tablet 5 mg,1 Tablet,2.35
Water for Injection,Water for Injection,Injection,Each Pack (5 ml),2.24
Water for Injection,Water for Injection,Injection,Each Pack (10 ml),2.32
White Petrolatum,White Petrolatum,Jelly 100%,1 gm,0.09
Xylometazoline,Xylometazoline,Nasal Drops 0.05%,1 ml,3.92
Xylometazoline,Xylometazoline,Nasal Drops 0.1%,1 ml,5.19
Zidovudine,Zidovudine,Capsule 300 mg,1 Capsule,2.06
Zidovudine,Zidovudine,Tablet 300 mg,1 Tablet,14.21
Zidovudine (A) + Lamivudine (B) + Nevirapine (C),Zidovudine (A) + Lamivudine (B) + Nevirapine (C),Tablet 300 mg(A) + 150 mg(B) + 200 mg(C),1 Tablet,20.09
Zinc sulphate,Zinc sulphate,Dispersible Tablet 20mg,1 Tablet,3.13
Zoledronic Acid,Zoledronic Acid,Powder for Injection 4 mg,Each Pack,4188.87
Zolpidem,Zolpidem,Tablet 10 mg,1 Tablet,8.42
Zolpidem,Zolpidem,Tablet 5 mg,1 Tablet,5.37
Zolpidem,Zolpidem,Capsule 5 mg,1 Capsule,7.33
